ENSG00000198888	15
ENSG00000198763	9
ENSG00000198804	13
ENSG00000198712	6
ENSG00000198899	14
ENSG00000198938	15
ENSG00000212907	9
ENSG00000198886	9
ENSG00000198786	15
ENSG00000198695	15
ENSG00000198727	15
ENSG00000292254	5
ENSG00000291420	8
ENSG00000288204	4
ENSG00000288499	3
ENSG00000288269	3
ENSG00000288263	5
ENSG00000281324	5
ENSG00000292354	8
ENSG00000292357	2
ENSG00000169789	3
ENSG00000288243	5
ENSG00000114374	3
ENSG00000169807	3
ENSG00000183753	3
ENSG00000012817	3
ENSG00000172468	3
ENSG00000182415	3
ENSG00000184895	10
ENSG00000067048	3
ENSG00000288512	3
ENSG00000288217	17
ENSG00000129864	3
ENSG00000187191	3
ENSG00000188120	3
ENSG00000092377	4
ENSG00000205944	3
ENSG00000280969	3
ENSG00000172288	3
ENSG00000234414	3
ENSG00000283153	4
ENSG00000280680	4
ENSG00000280627	9
ENSG00000154646	2
ENSG00000281244	3
ENSG00000154721	4
ENSG00000027001	5
ENSG00000283946	6
ENSG00000284832	2
ENSG00000291480	2
ENSG00000285222	3
ENSG00000159261	4
ENSG00000083535	3
ENSG00000150893	7
ENSG00000136111	4
ENSG00000120686	2
ENSG00000152192	1
ENSG00000159079	3
ENSG00000178127	4
ENSG00000160209	2
ENSG00000285493	6
ENSG00000284953	5
ENSG00000285241	2
ENSG00000139734	4
ENSG00000150907	1
ENSG00000157540	5
ENSG00000285048	2
ENSG00000133103	5
ENSG00000184564	2
ENSG00000101773	5
ENSG00000160200	5
ENSG00000160202	3
ENSG00000185950	3
ENSG00000100365	4
ENSG00000173638	1
ENSG00000175198	2
ENSG00000291501	1
ENSG00000175387	6
ENSG00000185974	5
ENSG00000101282	2
ENSG00000182871	5
ENSG00000284915	17
ENSG00000122025	9
ENSG00000125845	7
ENSG00000285348	2
ENSG00000101327	3
ENSG00000170262	2
ENSG00000160193	3
ENSG00000159197	6
ENSG00000136156	13
ENSG00000159082	5
ENSG00000133111	2
ENSG00000125864	3
ENSG00000288145	1
ENSG00000100106	4
ENSG00000134504	4
ENSG00000102452	4
ENSG00000182858	2
ENSG00000101384	13
ENSG00000100311	15
ENSG00000281917	9
ENSG00000183421	5
ENSG00000089123	1
ENSG00000102683	4
ENSG00000160183	4
ENSG00000136143	5
ENSG00000134759	4
ENSG00000160188	3
ENSG00000102468	8
ENSG00000281320	4
ENSG00000100122	3
ENSG00000196431	3
ENSG00000133104	3
ENSG00000187045	2
ENSG00000101695	1
ENSG00000062598	3
ENSG00000100014	5
ENSG00000178235	6
ENSG00000125363	3
ENSG00000100024	2
ENSG00000197496	7
ENSG00000158445	4
ENSG00000285479	11
ENSG00000011201	4
ENSG00000100031	2
ENSG00000197563	3
ENSG00000004961	5
ENSG00000134905	4
ENSG00000100030	6
ENSG00000280549	2
ENSG00000091482	7
ENSG00000142178	7
ENSG00000075643	2
ENSG00000139679	2
ENSG00000160207	3
ENSG00000213995	3
ENSG00000151413	4
ENSG00000121743	3
ENSG00000165474	29
ENSG00000124212	2
ENSG00000121742	21
ENSG00000054793	1
ENSG00000160224	4
ENSG00000133454	2
ENSG00000149970	4
ENSG00000121741	1
ENSG00000160226	3
ENSG00000067082	4
ENSG00000175894	7
ENSG00000133422	3
ENSG00000151849	7
ENSG00000281813	8
ENSG00000288445	5
ENSG00000183628	5
ENSG00000101194	3
ENSG00000126778	10
ENSG00000166140	5
ENSG00000189306	3
ENSG00000100246	2
ENSG00000155975	3
ENSG00000134049	1
ENSG00000288299	2
ENSG00000104044	3
ENSG00000177426	5
ENSG00000179008	5
ENSG00000137074	3
ENSG00000288257	6
ENSG00000184302	8
ENSG00000166068	5
ENSG00000141384	2
ENSG00000288362	4
ENSG00000107611	5
ENSG00000288455	5
ENSG00000175065	2
ENSG00000134757	1
ENSG00000118271	7
ENSG00000131100	7
ENSG00000291505	3
ENSG00000101439	9
ENSG00000291507	4
ENSG00000170558	6
ENSG00000291508	3
ENSG00000038945	2
ENSG00000127870	3
ENSG00000174227	5
ENSG00000051180	12
ENSG00000101365	6
ENSG00000132932	3
ENSG00000173698	3
ENSG00000141627	7
ENSG00000151835	2
ENSG00000282739	4
ENSG00000203883	8
ENSG00000102805	3
ENSG00000109667	2
ENSG00000005812	1
ENSG00000137106	2
ENSG00000198610	6
ENSG00000102218	6
ENSG00000134899	11
ENSG00000012174	13
ENSG00000160285	7
ENSG00000160282	3
ENSG00000125255	1
ENSG00000101115	7
ENSG00000263761	3
ENSG00000100416	14
ENSG00000163132	9
ENSG00000159267	4
ENSG00000068650	6
ENSG00000180509	8
ENSG00000169126	3
ENSG00000169676	3
ENSG00000164880	2
ENSG00000136114	6
ENSG00000142156	6
ENSG00000077943	3
ENSG00000171365	8
ENSG00000281089	3
ENSG00000196092	3
ENSG00000075275	3
ENSG00000215612	4
ENSG00000285395	6
ENSG00000119681	15
ENSG00000137834	3
ENSG00000165898	7
ENSG00000177706	3
ENSG00000291559	2
ENSG00000156052	7
ENSG00000182346	2
ENSG00000280495	2
ENSG00000043355	5
ENSG00000139515	9
ENSG00000101361	3
ENSG00000186184	4
ENSG00000174405	7
ENSG00000008086	4
ENSG00000095777	4
ENSG00000042317	5
ENSG00000135069	8
ENSG00000168267	8
ENSG00000165164	2
ENSG00000281857	11
ENSG00000124479	9
ENSG00000103126	6
ENSG00000142168	3
ENSG00000165548	2
ENSG00000265203	12
ENSG00000280682	1
ENSG00000125378	7
ENSG00000103657	1
ENSG00000164808	3
ENSG00000284369	3
ENSG00000280616	4
ENSG00000167972	2
ENSG00000196074	2
ENSG00000281500	6
ENSG00000065923	3
ENSG00000074410	2
ENSG00000107165	3
ENSG00000157483	2
ENSG00000291544	4
ENSG00000033170	2
ENSG00000172915	2
ENSG00000182220	10
ENSG00000291629	2
ENSG00000100209	2
ENSG00000242802	3
ENSG00000187535	11
ENSG00000189043	4
ENSG00000283883	3
ENSG00000093010	5
ENSG00000130700	3
ENSG00000136144	5
ENSG00000283059	2
ENSG00000284792	12
ENSG00000147100	4
ENSG00000102678	4
ENSG00000102316	3
ENSG00000124205	4
ENSG00000112685	1
ENSG00000291603	4
ENSG00000157796	18
ENSG00000196468	3
ENSG00000183597	2
ENSG00000188428	5
ENSG00000183324	2
ENSG00000120699	5
ENSG00000103489	6
ENSG00000172817	4
ENSG00000178538	3
ENSG00000095209	3
ENSG00000196628	6
ENSG00000163288	4
ENSG00000160294	1
ENSG00000179630	1
ENSG00000145244	3
ENSG00000164751	10
ENSG00000285482	2
ENSG00000147099	4
ENSG00000091656	3
ENSG00000288478	2
ENSG00000105928	4
ENSG00000093009	3
ENSG00000047621	4
ENSG00000288188	14
ENSG00000101162	2
ENSG00000285049	3
ENSG00000124172	4
ENSG00000130037	2
ENSG00000005339	7
ENSG00000125965	26
ENSG00000244462	2
ENSG00000197296	1
ENSG00000197969	4
ENSG00000134440	4
ENSG00000134419	2
ENSG00000205678	2
ENSG00000291729	2
ENSG00000285243	2
ENSG00000165288	3
ENSG00000081923	14
ENSG00000132963	6
ENSG00000203618	3
ENSG00000197614	2
ENSG00000158813	7
ENSG00000120659	4
ENSG00000040608	2
ENSG00000134900	2
ENSG00000188419	6
ENSG00000157765	2
ENSG00000136944	7
ENSG00000253710	2
ENSG00000124766	4
ENSG00000124429	3
ENSG00000149596	6
ENSG00000146038	10
ENSG00000139083	10
ENSG00000285112	2
ENSG00000159147	2
ENSG00000101052	7
ENSG00000291836	3
ENSG00000291748	5
ENSG00000291837	3
ENSG00000122359	7
ENSG00000291781	2
ENSG00000122145	6
ENSG00000291794	2
ENSG00000107789	6
ENSG00000070018	5
ENSG00000196663	3
ENSG00000168447	6
ENSG00000291814	2
ENSG00000184344	8
ENSG00000130703	4
ENSG00000108064	4
ENSG00000243646	4
ENSG00000141448	13
ENSG00000125384	1
ENSG00000104331	3
ENSG00000159128	2
ENSG00000154764	6
ENSG00000184470	2
ENSG00000047597	3
ENSG00000122550	8
ENSG00000145284	4
ENSG00000138119	4
ENSG00000292234	5
ENSG00000106546	6
ENSG00000117983	6
ENSG00000122691	10
ENSG00000136381	1
ENSG00000182512	10
ENSG00000173040	12
ENSG00000140057	2
ENSG00000138622	7
ENSG00000166828	6
ENSG00000137364	2
ENSG00000179151	4
ENSG00000187553	3
ENSG00000070269	2
ENSG00000154856	2
ENSG00000284099	12
ENSG00000196767	5
ENSG00000167077	4
ENSG00000282844	4
ENSG00000090905	5
ENSG00000090776	4
ENSG00000054598	9
ENSG00000159958	10
ENSG00000187566	3
ENSG00000106415	1
ENSG00000160255	3
ENSG00000054983	5
ENSG00000156650	8
ENSG00000198951	6
ENSG00000125676	5
ENSG00000119537	3
ENSG00000100147	3
ENSG00000132964	1
ENSG00000180613	2
ENSG00000101204	2
ENSG00000119509	2
ENSG00000164951	5
ENSG00000125863	4
ENSG00000283887	2
ENSG00000288219	3
ENSG00000100297	3
ENSG00000104321	2
ENSG00000169836	4
ENSG00000156299	1
ENSG00000100292	4
ENSG00000146122	2
ENSG00000170540	3
ENSG00000146085	2
ENSG00000134343	2
ENSG00000176014	1
ENSG00000151490	4
ENSG00000090061	1
ENSG00000166862	3
ENSG00000129170	6
ENSG00000089289	5
ENSG00000198824	3
ENSG00000196470	1
ENSG00000129810	3
ENSG00000012660	4
ENSG00000283104	6
ENSG00000183161	7
ENSG00000124813	7
ENSG00000133424	10
ENSG00000145354	2
ENSG00000104356	3
ENSG00000172243	3
ENSG00000184675	2
ENSG00000171105	13
ENSG00000156925	6
ENSG00000147586	4
ENSG00000042813	2
ENSG00000127663	3
ENSG00000165025	2
ENSG00000100987	4
ENSG00000157152	2
ENSG00000101335	3
ENSG00000119714	3
ENSG00000134762	1
ENSG00000159110	2
ENSG00000121691	3
ENSG00000010404	5
ENSG00000288335	12
ENSG00000288250	3
ENSG00000101200	4
ENSG00000187742	2
ENSG00000042088	3
ENSG00000134760	5
ENSG00000145348	3
ENSG00000164742	4
ENSG00000198171	3
ENSG00000166035	5
ENSG00000170927	2
ENSG00000284588	2
ENSG00000196739	3
ENSG00000106483	3
ENSG00000125877	5
ENSG00000284559	4
ENSG00000131055	8
ENSG00000136942	2
ENSG00000165496	2
ENSG00000291929	3
ENSG00000291930	1
ENSG00000291944	5
ENSG00000081014	5
ENSG00000135070	4
ENSG00000178919	6
ENSG00000165392	4
ENSG00000102900	4
ENSG00000147255	3
ENSG00000160563	1
ENSG00000187676	7
ENSG00000101306	3
ENSG00000088256	7
ENSG00000111713	2
ENSG00000291971	8
ENSG00000088970	6
ENSG00000057593	2
ENSG00000133818	6
ENSG00000129038	4
ENSG00000288368	1
ENSG00000167186	5
ENSG00000125850	3
ENSG00000288118	2
ENSG00000125871	4
ENSG00000232838	4
ENSG00000104267	4
ENSG00000126218	2
ENSG00000126231	1
ENSG00000138587	4
ENSG00000185010	4
ENSG00000138777	2
ENSG00000183762	3
ENSG00000126522	2
ENSG00000160299	4
ENSG00000167693	4
ENSG00000087245	3
ENSG00000151491	4
ENSG00000155966	3
ENSG00000173376	3
ENSG00000169071	7
ENSG00000142166	2
ENSG00000100285	4
ENSG00000273831	3
ENSG00000198026	4
ENSG00000100985	2
ENSG00000080644	1
ENSG00000182890	2
ENSG00000146733	2
ENSG00000144455	5
ENSG00000256061	3
ENSG00000159140	2
ENSG00000133138	3
ENSG00000139174	2
ENSG00000115705	3
ENSG00000088836	8
ENSG00000111860	3
ENSG00000285132	1
ENSG00000284967	1
ENSG00000156467	4
ENSG00000276825	2
ENSG00000282712	5
ENSG00000135338	5
ENSG00000276561	2
ENSG00000285109	16
ENSG00000285369	4
ENSG00000008196	7
ENSG00000278191	1
ENSG00000292297	11
ENSG00000282076	18
ENSG00000276536	24
ENSG00000067177	2
ENSG00000205213	2
ENSG00000171853	2
ENSG00000114353	2
ENSG00000197381	2
ENSG00000155961	13
ENSG00000166326	7
ENSG00000101421	3
ENSG00000288673	2
ENSG00000103089	2
ENSG00000142611	5
ENSG00000118402	12
ENSG00000273707	9
ENSG00000132646	3
ENSG00000118557	2
ENSG00000197275	4
ENSG00000005156	4
ENSG00000157911	10
ENSG00000276130	5
ENSG00000101292	4
ENSG00000171865	5
ENSG00000142655	5
ENSG00000127507	2
ENSG00000153989	5
ENSG00000008056	3
ENSG00000053747	10
ENSG00000114349	10
ENSG00000136160	5
ENSG00000178573	6
ENSG00000180530	3
ENSG00000166415	3
ENSG00000114378	4
ENSG00000181090	2
ENSG00000171863	2
ENSG00000123159	3
ENSG00000138674	2
ENSG00000075213	4
ENSG00000141404	2
ENSG00000133116	5
ENSG00000107290	5
ENSG00000140386	3
ENSG00000106605	3
ENSG00000112234	4
ENSG00000173614	10
ENSG00000157259	3
ENSG00000142192	7
ENSG00000088682	5
ENSG00000118690	2
ENSG00000167210	4
ENSG00000120051	2
ENSG00000160746	2
ENSG00000155962	10
ENSG00000171867	15
ENSG00000085382	4
ENSG00000109911	7
ENSG00000176692	4
ENSG00000112773	3
ENSG00000102076	10
ENSG00000176225	3
ENSG00000186472	3
ENSG00000268221	5
ENSG00000112276	3
ENSG00000102466	3
ENSG00000159423	2
ENSG00000071859	1
ENSG00000084754	10
ENSG00000244005	4
ENSG00000175548	4
ENSG00000281988	5
ENSG00000240972	5
ENSG00000065154	7
ENSG00000100284	2
ENSG00000278540	1
ENSG00000147180	3
ENSG00000157881	3
ENSG00000171532	3
ENSG00000105141	2
ENSG00000104313	8
ENSG00000283654	4
ENSG00000094804	3
ENSG00000100427	2
ENSG00000011198	2
ENSG00000064490	2
ENSG00000281935	2
ENSG00000142173	9
ENSG00000156471	4
ENSG00000114480	5
ENSG00000164761	2
ENSG00000157542	3
ENSG00000182199	2
ENSG00000100056	5
ENSG00000160213	2
ENSG00000088538	2
ENSG00000005302	1
ENSG00000100075	6
ENSG00000122507	2
ENSG00000048707	2
ENSG00000103942	4
ENSG00000132031	6
ENSG00000159216	10
ENSG00000183785	2
ENSG00000161405	2
ENSG00000154118	3
ENSG00000239900	2
ENSG00000185808	4
ENSG00000140937	4
ENSG00000161395	4
ENSG00000278229	2
ENSG00000131697	4
ENSG00000196664	4
ENSG00000034693	10
ENSG00000156509	4
ENSG00000186716	9
ENSG00000273686	4
ENSG00000172115	2
ENSG00000102743	3
ENSG00000180660	1
ENSG00000169919	4
ENSG00000112837	3
ENSG00000183098	2
ENSG00000291996	4
ENSG00000166347	2
ENSG00000275947	2
ENSG00000277405	2
ENSG00000164099	4
ENSG00000080166	3
ENSG00000171954	4
ENSG00000167113	5
ENSG00000088451	3
ENSG00000153485	2
ENSG00000090020	2
ENSG00000170270	2
ENSG00000157978	2
ENSG00000069667	1
ENSG00000012963	1
ENSG00000049323	5
ENSG00000167114	5
ENSG00000276802	9
ENSG00000127980	10
ENSG00000188910	11
ENSG00000158125	2
ENSG00000277361	3
ENSG00000282130	1
ENSG00000278787	1
ENSG00000081148	11
ENSG00000150961	4
ENSG00000036054	3
ENSG00000163114	2
ENSG00000100504	2
ENSG00000138039	6
ENSG00000103335	5
ENSG00000148702	5
ENSG00000004766	1
ENSG00000134873	2
ENSG00000204103	6
ENSG00000134874	5
ENSG00000142627	3
ENSG00000274965	5
ENSG00000274636	2
ENSG00000186895	1
ENSG00000108576	6
ENSG00000119689	5
ENSG00000166033	11
ENSG00000058272	1
ENSG00000138814	3
ENSG00000188153	4
ENSG00000102580	2
ENSG00000115380	5
ENSG00000131759	6
ENSG00000100412	9
ENSG00000140287	4
ENSG00000170820	6
ENSG00000275619	2
ENSG00000274542	3
ENSG00000277377	4
ENSG00000276787	3
ENSG00000100280	4
ENSG00000275746	3
ENSG00000140836	2
ENSG00000168411	7
ENSG00000127472	5
ENSG00000140873	5
ENSG00000106819	2
ENSG00000100033	2
ENSG00000119684	8
ENSG00000134853	8
ENSG00000112414	2
ENSG00000282228	2
ENSG00000023287	3
ENSG00000006715	2
ENSG00000134769	5
ENSG00000123500	4
ENSG00000165078	4
ENSG00000215193	10
ENSG00000131482	2
ENSG00000099937	2
ENSG00000099940	4
ENSG00000172867	2
ENSG00000164066	9
ENSG00000103241	4
ENSG00000100207	1
ENSG00000198467	6
ENSG00000164961	5
ENSG00000156709	9
ENSG00000077498	8
ENSG00000100336	2
ENSG00000277278	9
ENSG00000131174	10
ENSG00000274829	7
ENSG00000137845	5
ENSG00000070610	3
ENSG00000068438	3
ENSG00000188107	6
ENSG00000124302	2
ENSG00000147155	3
ENSG00000066926	5
ENSG00000213937	4
ENSG00000282088	3
ENSG00000120008	11
ENSG00000131652	2
ENSG00000106366	2
ENSG00000154237	2
ENSG00000092758	6
ENSG00000138079	4
ENSG00000165195	9
ENSG00000126562	2
ENSG00000171311	3
ENSG00000123191	2
ENSG00000196177	2
ENSG00000203867	3
ENSG00000073464	4
ENSG00000163666	5
ENSG00000134595	8
ENSG00000113845	4
ENSG00000139618	23
ENSG00000143951	4
ENSG00000284194	9
ENSG00000119655	3
ENSG00000198523	6
ENSG00000025708	4
ENSG00000101665	3
ENSG00000019991	4
ENSG00000140443	3
ENSG00000139687	13
ENSG00000282307	3
ENSG00000276333	4
ENSG00000215421	1
ENSG00000141759	2
ENSG00000155111	3
ENSG00000185551	4
ENSG00000275331	7
ENSG00000168216	3
ENSG00000103995	6
ENSG00000276021	6
ENSG00000173991	7
ENSG00000136319	2
ENSG00000059691	4
ENSG00000185825	3
ENSG00000184374	2
ENSG00000206530	2
ENSG00000070669	3
ENSG00000100288	4
ENSG00000183978	4
ENSG00000088367	3
ENSG00000101986	5
ENSG00000275911	6
ENSG00000100299	4
ENSG00000135249	3
ENSG00000168306	2
ENSG00000136881	1
ENSG00000184254	3
ENSG00000187498	13
ENSG00000137055	3
ENSG00000151623	4
ENSG00000134871	5
ENSG00000042429	2
ENSG00000101596	5
ENSG00000274442	6
ENSG00000125875	6
ENSG00000136936	3
ENSG00000181333	1
ENSG00000180879	3
ENSG00000276838	2
ENSG00000278183	4
ENSG00000123545	4
ENSG00000169946	12
ENSG00000132429	3
ENSG00000154678	4
ENSG00000111817	6
ENSG00000092094	2
ENSG00000254636	5
ENSG00000069482	2
ENSG00000277641	3
ENSG00000164494	5
ENSG00000090382	2
ENSG00000114446	4
ENSG00000242866	8
ENSG00000054967	3
ENSG00000126603	2
ENSG00000057663	2
ENSG00000165802	4
ENSG00000148704	4
ENSG00000217930	2
ENSG00000276262	3
ENSG00000083307	11
ENSG00000112378	6
ENSG00000276358	6
ENSG00000106367	4
ENSG00000198910	9
ENSG00000137672	2
ENSG00000106397	3
ENSG00000079134	4
ENSG00000148700	2
ENSG00000172534	5
ENSG00000180318	3
ENSG00000074621	5
ENSG00000167768	11
ENSG00000171310	1
ENSG00000042832	3
ENSG00000126953	2
ENSG00000126945	4
ENSG00000066084	1
ENSG00000276155	16
ENSG00000100345	7
ENSG00000262919	4
ENSG00000148019	1
ENSG00000138035	11
ENSG00000277956	16
ENSG00000277111	6
ENSG00000136104	4
ENSG00000130821	4
ENSG00000198125	1
ENSG00000170819	3
ENSG00000148090	2
ENSG00000168438	3
ENSG00000092201	1
ENSG00000158186	6
ENSG00000214274	2
ENSG00000169562	2
ENSG00000128335	2
ENSG00000276480	6
ENSG00000131263	3
ENSG00000073584	7
ENSG00000139287	2
ENSG00000050030	4
ENSG00000136425	6
ENSG00000137713	2
ENSG00000275867	2
ENSG00000153487	1
ENSG00000179142	5
ENSG00000100053	3
ENSG00000101266	2
ENSG00000147224	11
ENSG00000147655	4
ENSG00000126215	6
ENSG00000244752	3
ENSG00000096968	25
ENSG00000130385	3
ENSG00000166411	6
ENSG00000126233	3
ENSG00000162396	3
ENSG00000135218	2
ENSG00000116016	4
ENSG00000100368	2
ENSG00000278458	2
ENSG00000147274	5
ENSG00000119699	8
ENSG00000196865	1
ENSG00000170370	1
ENSG00000263243	3
ENSG00000101276	4
ENSG00000101680	3
ENSG00000165370	8
ENSG00000163877	1
ENSG00000145103	4
ENSG00000157184	6
ENSG00000282302	2
ENSG00000165091	8
ENSG00000278174	3
ENSG00000156970	7
ENSG00000179627	2
ENSG00000156873	4
ENSG00000244486	2
ENSG00000124198	3
ENSG00000277626	3
ENSG00000099377	2
ENSG00000118007	4
ENSG00000135241	5
ENSG00000119866	1
ENSG00000099365	2
ENSG00000102001	15
ENSG00000163421	4
ENSG00000122861	5
ENSG00000105738	3
ENSG00000282752	4
ENSG00000101997	3
ENSG00000278759	3
ENSG00000163644	2
ENSG00000157500	4
ENSG00000100722	4
ENSG00000162878	1
ENSG00000120693	2
ENSG00000134775	3
ENSG00000188021	2
ENSG00000087586	2
ENSG00000116704	4
ENSG00000167397	3
ENSG00000176058	4
ENSG00000112769	3
ENSG00000198569	2
ENSG00000141385	14
ENSG00000188229	5
ENSG00000100379	2
ENSG00000165533	8
ENSG00000152977	4
ENSG00000198719	2
ENSG00000280563	4
ENSG00000060069	4
ENSG00000111581	9
ENSG00000103507	2
ENSG00000152217	8
ENSG00000166900	3
ENSG00000103510	1
ENSG00000105771	1
ENSG00000203485	4
ENSG00000083123	2
ENSG00000120156	8
ENSG00000255974	3
ENSG00000148143	1
ENSG00000101247	4
ENSG00000189114	5
ENSG00000112706	10
ENSG00000108370	4
ENSG00000085224	14
ENSG00000156831	3
ENSG00000275176	1
ENSG00000122026	2
ENSG00000124201	2
ENSG00000151929	5
ENSG00000185532	2
ENSG00000277649	4
ENSG00000126759	2
ENSG00000035403	6
ENSG00000105220	3
ENSG00000121207	11
ENSG00000103310	2
ENSG00000173418	4
ENSG00000119899	5
ENSG00000031081	3
ENSG00000107882	8
ENSG00000112290	2
ENSG00000166762	4
ENSG00000278644	1
ENSG00000132669	5
ENSG00000100241	2
ENSG00000130023	3
ENSG00000126261	1
ENSG00000182287	5
ENSG00000278574	3
ENSG00000131979	5
ENSG00000278501	4
ENSG00000281300	4
ENSG00000166260	4
ENSG00000103316	4
ENSG00000158578	8
ENSG00000196091	7
ENSG00000140740	4
ENSG00000070061	5
ENSG00000112320	1
ENSG00000107890	2
ENSG00000132855	2
ENSG00000261832	4
ENSG00000116675	2
ENSG00000140262	7
ENSG00000038295	3
ENSG00000130711	2
ENSG00000196924	26
ENSG00000178952	4
ENSG00000169696	2
ENSG00000284495	1
ENSG00000284238	6
ENSG00000166250	3
ENSG00000177455	10
ENSG00000175344	3
ENSG00000171094	3
ENSG00000100243	2
ENSG00000160882	4
ENSG00000100348	5
ENSG00000138180	3
ENSG00000129696	2
ENSG00000129535	6
ENSG00000095464	5
ENSG00000149256	2
ENSG00000276194	10
ENSG00000114200	2
ENSG00000150630	3
ENSG00000275600	4
ENSG00000108231	2
ENSG00000165060	2
ENSG00000147403	4
ENSG00000119139	7
ENSG00000100889	2
ENSG00000000419	2
ENSG00000134910	4
ENSG00000072501	7
ENSG00000276469	5
ENSG00000104450	3
ENSG00000154265	3
ENSG00000218336	3
ENSG00000148842	6
ENSG00000162869	1
ENSG00000109929	3
ENSG00000151617	6
ENSG00000104369	2
ENSG00000112210	4
ENSG00000198689	2
ENSG00000173915	4
ENSG00000127990	2
ENSG00000140522	15
ENSG00000101347	9
ENSG00000169021	4
ENSG00000261456	2
ENSG00000165471	2
ENSG00000142892	3
ENSG00000135951	2
ENSG00000123560	4
ENSG00000204020	4
ENSG00000107968	2
ENSG00000115665	5
ENSG00000107951	5
ENSG00000125538	2
ENSG00000276833	1
ENSG00000163541	4
ENSG00000198954	4
ENSG00000177663	3
ENSG00000111913	8
ENSG00000151729	13
ENSG00000038002	4
ENSG00000148384	4
ENSG00000215305	2
ENSG00000105880	6
ENSG00000189241	5
ENSG00000186051	3
ENSG00000143891	4
ENSG00000072210	7
ENSG00000197748	3
ENSG00000145982	9
ENSG00000112238	4
ENSG00000135049	1
ENSG00000163064	1
ENSG00000047579	5
ENSG00000181035	1
ENSG00000104763	5
ENSG00000090402	3
ENSG00000049759	3
ENSG00000092295	2
ENSG00000009765	3
ENSG00000144962	2
ENSG00000116641	4
ENSG00000091436	5
ENSG00000136720	4
ENSG00000225614	6
ENSG00000147140	5
ENSG00000093072	7
ENSG00000181610	4
ENSG00000165059	2
ENSG00000137561	4
ENSG00000101868	7
ENSG00000154864	11
ENSG00000128322	3
ENSG00000111670	8
ENSG00000126870	5
ENSG00000263639	3
ENSG00000090924	1
ENSG00000163581	5
ENSG00000157856	3
ENSG00000104381	8
ENSG00000004848	17
ENSG00000149257	5
ENSG00000124570	4
ENSG00000277586	6
ENSG00000140199	2
ENSG00000084110	2
ENSG00000156510	6
ENSG00000164120	5
ENSG00000127955	1
ENSG00000007541	5
ENSG00000241973	6
ENSG00000129255	2
ENSG00000185000	2
ENSG00000142949	2
ENSG00000168538	3
ENSG00000171766	6
ENSG00000171763	5
ENSG00000112294	2
ENSG00000111802	2
ENSG00000071894	3
ENSG00000105197	2
ENSG00000196396	3
ENSG00000104164	6
ENSG00000131089	6
ENSG00000107897	1
ENSG00000090932	4
ENSG00000196296	3
ENSG00000197122	8
ENSG00000145979	2
ENSG00000250479	10
ENSG00000125812	3
ENSG00000160014	4
ENSG00000137767	2
ENSG00000112425	3
ENSG00000128513	3
ENSG00000147804	2
ENSG00000138160	9
ENSG00000112367	9
ENSG00000138592	7
ENSG00000197891	2
ENSG00000106692	20
ENSG00000103227	2
ENSG00000126752	2
ENSG00000080561	3
ENSG00000166189	5
ENSG00000277154	6
ENSG00000106153	2
ENSG00000100146	9
ENSG00000204655	2
ENSG00000214102	2
ENSG00000277114	1
ENSG00000125726	2
ENSG00000067836	3
ENSG00000117528	3
ENSG00000276935	4
ENSG00000185803	2
ENSG00000120498	2
ENSG00000140623	2
ENSG00000105929	3
ENSG00000092439	2
ENSG00000187689	3
ENSG00000278622	3
ENSG00000132464	6
ENSG00000107371	5
ENSG00000068831	2
ENSG00000189433	3
ENSG00000277025	4
ENSG00000107959	2
ENSG00000181690	7
ENSG00000276082	1
ENSG00000101752	5
ENSG00000154310	4
ENSG00000274672	3
ENSG00000244045	2
ENSG00000146918	1
ENSG00000117899	3
ENSG00000276065	2
ENSG00000068976	2
ENSG00000111252	12
ENSG00000116120	2
ENSG00000274941	1
ENSG00000074695	2
ENSG00000150540	4
ENSG00000050555	2
ENSG00000155719	4
ENSG00000181449	5
ENSG00000156222	2
ENSG00000183287	5
ENSG00000274078	3
ENSG00000278519	4
ENSG00000185339	5
ENSG00000276804	4
ENSG00000277179	4
ENSG00000274894	6
ENSG00000114062	3
ENSG00000278670	2
ENSG00000106992	2
ENSG00000274651	6
ENSG00000100385	2
ENSG00000012504	5
ENSG00000106028	3
ENSG00000188641	3
ENSG00000078403	6
ENSG00000136908	4
ENSG00000135697	2
ENSG00000140090	3
ENSG00000128519	1
ENSG00000104419	2
ENSG00000213465	1
ENSG00000152234	8
ENSG00000111837	6
ENSG00000172399	3
ENSG00000022267	14
ENSG00000124827	9
ENSG00000204644	4
ENSG00000174792	3
ENSG00000119421	4
ENSG00000106025	5
ENSG00000132376	3
ENSG00000244734	17
ENSG00000120437	1
ENSG00000196565	3
ENSG00000152223	4
ENSG00000167711	2
ENSG00000141449	7
ENSG00000132386	3
ENSG00000100099	6
ENSG00000146453	2
ENSG00000136383	3
ENSG00000141431	2
ENSG00000085276	4
ENSG00000213934	2
ENSG00000274566	2
ENSG00000132383	3
ENSG00000124713	2
ENSG00000079739	4
ENSG00000124587	10
ENSG00000162377	3
ENSG00000131269	4
ENSG00000277776	4
ENSG00000101577	6
ENSG00000125398	4
ENSG00000277733	4
ENSG00000275165	3
ENSG00000168924	3
ENSG00000104447	8
ENSG00000275979	1
ENSG00000276421	6
ENSG00000274144	6
ENSG00000188706	4
ENSG00000172175	2
ENSG00000277786	4
ENSG00000277615	1
ENSG00000276211	2
ENSG00000274194	4
ENSG00000166396	3
ENSG00000278712	3
ENSG00000007062	21
ENSG00000277571	6
ENSG00000085185	1
ENSG00000198198	4
ENSG00000049130	9
ENSG00000274619	2
ENSG00000189057	3
ENSG00000133124	2
ENSG00000112640	5
ENSG00000197629	2
ENSG00000157353	2
ENSG00000292058	4
ENSG00000165102	11
ENSG00000184381	12
ENSG00000166401	2
ENSG00000152128	2
ENSG00000142513	3
ENSG00000122122	2
ENSG00000167748	1
ENSG00000121067	4
ENSG00000107186	3
ENSG00000177156	2
ENSG00000185900	7
ENSG00000172361	4
ENSG00000101938	3
ENSG00000100578	9
ENSG00000102359	2
ENSG00000175054	7
ENSG00000103671	6
ENSG00000262785	5
ENSG00000119950	2
ENSG00000171155	1
ENSG00000181656	1
ENSG00000169359	3
ENSG00000121853	1
ENSG00000064195	7
ENSG00000119401	6
ENSG00000262446	30
ENSG00000169762	2
ENSG00000122787	2
ENSG00000100065	2
ENSG00000273494	3
ENSG00000159459	5
ENSG00000145375	3
ENSG00000156110	4
ENSG00000138411	2
ENSG00000114796	2
ENSG00000152779	2
ENSG00000164946	10
ENSG00000173976	10
ENSG00000167306	7
ENSG00000128340	7
ENSG00000172331	3
ENSG00000224877	4
ENSG00000144730	4
ENSG00000163453	5
ENSG00000090861	10
ENSG00000275483	4
ENSG00000144320	2
ENSG00000117620	4
ENSG00000084093	11
ENSG00000275931	2
ENSG00000262418	2
ENSG00000183196	5
ENSG00000006530	8
ENSG00000128789	4
ENSG00000240505	8
ENSG00000101333	1
ENSG00000073050	2
ENSG00000158290	5
ENSG00000177542	6
ENSG00000165730	3
ENSG00000154803	9
ENSG00000171723	8
ENSG00000113924	2
ENSG00000135960	8
ENSG00000066777	1
ENSG00000196588	2
ENSG00000163389	7
ENSG00000163600	10
ENSG00000203908	4
ENSG00000125352	3
ENSG00000125356	4
ENSG00000275117	6
ENSG00000177666	2
ENSG00000112599	6
ENSG00000274176	1
ENSG00000184058	16
ENSG00000101882	4
ENSG00000065427	8
ENSG00000165029	4
ENSG00000278322	4
ENSG00000261609	2
ENSG00000099949	18
ENSG00000282880	3
ENSG00000274796	3
ENSG00000105227	4
ENSG00000104093	11
ENSG00000275199	4
ENSG00000130347	3
ENSG00000260230	3
ENSG00000130348	4
ENSG00000133937	4
ENSG00000276111	4
ENSG00000131469	2
ENSG00000096872	7
ENSG00000158296	2
ENSG00000123737	3
ENSG00000284468	4
ENSG00000107736	12
ENSG00000103148	2
ENSG00000180921	3
ENSG00000177697	2
ENSG00000013503	10
ENSG00000181291	4
ENSG00000162688	2
ENSG00000183337	10
ENSG00000138376	3
ENSG00000291998	2
ENSG00000291999	3
ENSG00000138686	2
ENSG00000159184	3
ENSG00000188536	9
ENSG00000204539	4
ENSG00000165409	7
ENSG00000206172	11
ENSG00000105552	2
ENSG00000185303	6
ENSG00000185231	2
ENSG00000138741	3
ENSG00000122852	1
ENSG00000197106	3
ENSG00000203859	4
ENSG00000079482	5
ENSG00000087086	9
ENSG00000160131	3
ENSG00000071553	2
ENSG00000101084	2
ENSG00000126351	2
ENSG00000185946	4
ENSG00000122735	3
ENSG00000141655	9
ENSG00000165376	1
ENSG00000119686	2
ENSG00000152492	4
ENSG00000120457	6
ENSG00000138109	1
ENSG00000169184	4
ENSG00000119685	5
ENSG00000274616	1
ENSG00000213930	6
ENSG00000281775	3
ENSG00000153902	2
ENSG00000213123	5
ENSG00000281151	5
ENSG00000113790	3
ENSG00000163959	5
ENSG00000059573	21
ENSG00000274174	4
ENSG00000281289	7
ENSG00000137411	4
ENSG00000099956	13
ENSG00000262795	2
ENSG00000109846	11
ENSG00000275633	2
ENSG00000138185	3
ENSG00000272765	4
ENSG00000166819	3
ENSG00000147955	4
ENSG00000164458	5
ENSG00000262024	1
ENSG00000188026	3
ENSG00000125675	4
ENSG00000119650	18
ENSG00000179981	2
ENSG00000139324	3
ENSG00000124140	3
ENSG00000107798	3
ENSG00000275990	4
ENSG00000178814	2
ENSG00000101849	2
ENSG00000179091	4
ENSG00000100564	2
ENSG00000179115	2
ENSG00000168303	3
ENSG00000101850	5
ENSG00000196505	2
ENSG00000119977	8
ENSG00000170835	4
ENSG00000134200	2
ENSG00000046651	15
ENSG00000273943	1
ENSG00000277365	4
ENSG00000277071	4
ENSG00000072042	2
ENSG00000197444	1
ENSG00000144736	3
ENSG00000154415	3
ENSG00000121897	5
ENSG00000139988	5
ENSG00000164941	2
ENSG00000075188	3
ENSG00000112144	3
ENSG00000175600	2
ENSG00000276461	1
ENSG00000274050	2
ENSG00000198807	3
ENSG00000277923	4
ENSG00000273592	4
ENSG00000150787	2
ENSG00000281013	4
ENSG00000161217	2
ENSG00000274129	3
ENSG00000198682	4
ENSG00000138138	3
ENSG00000227268	2
ENSG00000277953	6
ENSG00000273896	3
ENSG00000170175	6
ENSG00000103061	2
ENSG00000079335	4
ENSG00000188095	8
ENSG00000109814	3
ENSG00000125780	2
ENSG00000103150	2
ENSG00000115020	3
ENSG00000166948	3
ENSG00000146826	3
ENSG00000125835	4
ENSG00000100883	5
ENSG00000274891	2
ENSG00000132518	21
ENSG00000154099	3
ENSG00000292099	6
ENSG00000282019	3
ENSG00000292102	2
ENSG00000145331	1
ENSG00000166558	5
ENSG00000163872	5
ENSG00000166136	4
ENSG00000277707	6
ENSG00000155761	2
ENSG00000292130	2
ENSG00000278316	2
ENSG00000135597	4
ENSG00000179477	2
ENSG00000105810	3
ENSG00000276582	9
ENSG00000179111	4
ENSG00000130005	3
ENSG00000119638	9
ENSG00000148290	9
ENSG00000107815	22
ENSG00000122778	6
ENSG00000075413	1
ENSG00000276701	5
ENSG00000186862	8
ENSG00000174417	2
ENSG00000096060	2
ENSG00000136235	3
ENSG00000168530	2
ENSG00000182944	2
ENSG00000179029	7
ENSG00000004864	4
ENSG00000273607	10
ENSG00000163961	2
ENSG00000276734	3
ENSG00000153107	6
ENSG00000156885	4
ENSG00000149269	1
ENSG00000275837	13
ENSG00000140691	3
ENSG00000068366	3
ENSG00000115266	7
ENSG00000214113	4
ENSG00000124491	4
ENSG00000090530	3
ENSG00000136280	2
ENSG00000165970	3
ENSG00000127884	2
ENSG00000278173	4
ENSG00000115107	2
ENSG00000285434	3
ENSG00000285011	3
ENSG00000196110	1
ENSG00000225830	19
ENSG00000157399	4
ENSG00000140675	3
ENSG00000273397	4
ENSG00000168298	1
ENSG00000161970	2
ENSG00000170099	2
ENSG00000159921	7
ENSG00000070748	3
ENSG00000065320	2
ENSG00000197249	4
ENSG00000187714	3
ENSG00000169427	1
ENSG00000144452	8
ENSG00000164867	8
ENSG00000166596	4
ENSG00000176340	4
ENSG00000077942	3
ENSG00000118246	4
ENSG00000198914	1
ENSG00000163898	2
ENSG00000153283	4
ENSG00000102174	2
ENSG00000149925	3
ENSG00000267534	4
ENSG00000283447	4
ENSG00000197579	6
ENSG00000148400	6
ENSG00000164885	3
ENSG00000102119	4
ENSG00000165702	2
ENSG00000074071	4
ENSG00000196459	3
ENSG00000133020	7
ENSG00000064989	3
ENSG00000187323	9
ENSG00000124155	7
ENSG00000099769	3
ENSG00000166974	2
ENSG00000147174	2
ENSG00000128191	5
ENSG00000063854	1
ENSG00000125414	3
ENSG00000204427	3
ENSG00000162040	4
ENSG00000103043	3
ENSG00000106105	5
ENSG00000092607	3
ENSG00000163754	5
ENSG00000136371	3
ENSG00000165462	5
ENSG00000109063	14
ENSG00000006451	1
ENSG00000133028	4
ENSG00000204410	5
ENSG00000110628	5
ENSG00000171759	2
ENSG00000167601	3
ENSG00000148356	2
ENSG00000007174	3
ENSG00000119715	4
ENSG00000111049	1
ENSG00000179941	2
ENSG00000004948	3
ENSG00000168434	3
ENSG00000123810	3
ENSG00000169372	4
ENSG00000157227	2
ENSG00000283630	4
ENSG00000248098	2
ENSG00000104218	6
ENSG00000163755	5
ENSG00000013619	3
ENSG00000072506	5
ENSG00000103356	5
ENSG00000019186	2
ENSG00000106536	3
ENSG00000100815	5
ENSG00000090487	2
ENSG00000121653	3
ENSG00000174611	2
ENSG00000141458	3
ENSG00000103707	8
ENSG00000186198	1
ENSG00000262635	2
ENSG00000121680	10
ENSG00000104967	2
ENSG00000118197	4
ENSG00000083168	7
ENSG00000182187	3
ENSG00000107831	4
ENSG00000166855	5
ENSG00000112619	25
ENSG00000172315	2
ENSG00000157613	3
ENSG00000101161	6
ENSG00000123384	2
ENSG00000138615	2
ENSG00000157017	3
ENSG00000112357	15
ENSG00000254585	14
ENSG00000165821	3
ENSG00000151892	3
ENSG00000101981	4
ENSG00000105647	4
ENSG00000165280	10
ENSG00000168263	5
ENSG00000058085	6
ENSG00000162063	2
ENSG00000147852	3
ENSG00000076716	7
ENSG00000166037	4
ENSG00000100485	6
ENSG00000123338	2
ENSG00000006744	7
ENSG00000099246	6
ENSG00000136710	2
ENSG00000087299	3
ENSG00000172638	5
ENSG00000115840	6
ENSG00000100983	6
ENSG00000171453	6
ENSG00000178537	2
ENSG00000006695	4
ENSG00000143178	4
ENSG00000178467	1
ENSG00000092200	10
ENSG00000137807	2
ENSG00000133983	4
ENSG00000178149	3
ENSG00000172500	2
ENSG00000275145	4
ENSG00000134755	3
ENSG00000010361	2
ENSG00000148516	6
ENSG00000039650	8
ENSG00000178057	4
ENSG00000162065	19
ENSG00000274571	4
ENSG00000214140	6
ENSG00000130640	1
ENSG00000136021	2
ENSG00000126012	5
ENSG00000170881	2
ENSG00000170734	3
ENSG00000172432	2
ENSG00000172426	3
ENSG00000046604	6
ENSG00000100934	2
ENSG00000175334	4
ENSG00000144476	1
ENSG00000184634	15
ENSG00000156574	4
ENSG00000175315	3
ENSG00000141646	16
ENSG00000175294	2
ENSG00000136802	3
ENSG00000234438	3
ENSG00000108001	1
ENSG00000131873	5
ENSG00000277439	2
ENSG00000182400	2
ENSG00000168393	1
ENSG00000129667	4
ENSG00000072864	6
ENSG00000147684	4
ENSG00000124253	2
ENSG00000151090	9
ENSG00000175283	6
ENSG00000104973	4
ENSG00000169714	4
ENSG00000179292	2
ENSG00000095319	1
ENSG00000154767	3
ENSG00000095321	4
ENSG00000174684	3
ENSG00000273772	8
ENSG00000119333	5
ENSG00000186197	16
ENSG00000275885	6
ENSG00000123104	2
ENSG00000104687	3
ENSG00000073792	3
ENSG00000162761	4
ENSG00000100150	2
ENSG00000204394	2
ENSG00000174469	3
ENSG00000277600	1
ENSG00000175115	5
ENSG00000143199	2
ENSG00000148672	5
ENSG00000133863	2
ENSG00000280635	4
ENSG00000183230	3
ENSG00000168615	5
ENSG00000275118	4
ENSG00000069943	4
ENSG00000108176	2
ENSG00000170027	3
ENSG00000204435	2
ENSG00000274382	4
ENSG00000278605	3
ENSG00000102081	8
ENSG00000188372	2
ENSG00000106211	4
ENSG00000281742	2
ENSG00000072121	3
ENSG00000197081	3
ENSG00000100170	3
ENSG00000214960	8
ENSG00000100225	2
ENSG00000187446	2
ENSG00000274803	4
ENSG00000197912	5
ENSG00000281919	3
ENSG00000177570	5
ENSG00000108883	3
ENSG00000165694	2
ENSG00000138136	1
ENSG00000158301	6
ENSG00000100234	5
ENSG00000189221	2
ENSG00000275349	8
ENSG00000167131	3
ENSG00000143248	2
ENSG00000104635	4
ENSG00000075624	7
ENSG00000116132	2
ENSG00000130638	3
ENSG00000137806	4
ENSG00000158815	7
ENSG00000116679	2
ENSG00000276187	3
ENSG00000102158	4
ENSG00000144840	3
ENSG00000124920	2
ENSG00000129152	2
ENSG00000129159	2
ENSG00000204386	4
ENSG00000205155	3
ENSG00000073146	2
ENSG00000163635	3
ENSG00000075239	2
ENSG00000168453	4
ENSG00000125409	2
ENSG00000281861	2
ENSG00000147383	13
ENSG00000130741	4
ENSG00000130714	8
ENSG00000174010	3
ENSG00000169926	3
ENSG00000167775	2
ENSG00000185324	3
ENSG00000075785	2
ENSG00000171100	2
ENSG00000165643	5
ENSG00000233927	2
ENSG00000149573	4
ENSG00000180644	6
ENSG00000274671	4
ENSG00000183765	10
ENSG00000204560	1
ENSG00000273814	1
ENSG00000140009	3
ENSG00000109099	16
ENSG00000185236	2
ENSG00000110195	4
ENSG00000166228	2
ENSG00000001497	4
ENSG00000087053	2
ENSG00000168487	3
ENSG00000131165	3
ENSG00000132507	1
ENSG00000151092	2
ENSG00000188158	5
ENSG00000261992	5
ENSG00000088002	2
ENSG00000156531	4
ENSG00000063177	2
ENSG00000184983	4
ENSG00000214160	2
ENSG00000165704	5
ENSG00000277773	8
ENSG00000179455	11
ENSG00000151834	4
ENSG00000110274	2
ENSG00000152104	4
ENSG00000128050	1
ENSG00000174373	2
ENSG00000069966	2
ENSG00000117650	6
ENSG00000275555	2
ENSG00000128654	1
ENSG00000187266	4
ENSG00000179520	4
ENSG00000273873	4
ENSG00000185482	3
ENSG00000169783	4
ENSG00000172943	5
ENSG00000275300	2
ENSG00000011275	4
ENSG00000198003	3
ENSG00000171772	5
ENSG00000188937	5
ENSG00000107147	5
ENSG00000179774	4
ENSG00000282147	3
ENSG00000281429	3
ENSG00000135111	4
ENSG00000157766	8
ENSG00000166816	2
ENSG00000102034	3
ENSG00000185527	12
ENSG00000108175	2
ENSG00000197746	11
ENSG00000147202	3
ENSG00000103591	3
ENSG00000170289	5
ENSG00000106477	5
ENSG00000262814	4
ENSG00000197102	7
ENSG00000139351	2
ENSG00000183048	4
ENSG00000101017	3
ENSG00000110619	1
ENSG00000164116	4
ENSG00000186765	6
ENSG00000116906	6
ENSG00000070413	5
ENSG00000168484	8
ENSG00000100219	3
ENSG00000092969	4
ENSG00000177239	4
ENSG00000276971	3
ENSG00000167526	1
ENSG00000282049	4
ENSG00000274247	4
ENSG00000262771	3
ENSG00000107745	3
ENSG00000262327	8
ENSG00000263042	2
ENSG00000196159	7
ENSG00000140470	4
ENSG00000138207	8
ENSG00000107249	4
ENSG00000140471	4
ENSG00000134851	4
ENSG00000196839	3
ENSG00000110090	2
ENSG00000204420	1
ENSG00000162669	3
ENSG00000197565	4
ENSG00000130957	2
ENSG00000091136	3
ENSG00000143641	2
ENSG00000151062	5
ENSG00000165140	2
ENSG00000137203	2
ENSG00000109654	2
ENSG00000154227	2
ENSG00000010072	4
ENSG00000135766	4
ENSG00000167098	2
ENSG00000104365	4
ENSG00000132475	1
ENSG00000110344	1
ENSG00000116183	1
ENSG00000112782	4
ENSG00000137275	3
ENSG00000119392	6
ENSG00000155561	4
ENSG00000186575	13
ENSG00000132471	4
ENSG00000165006	2
ENSG00000135828	3
ENSG00000106080	3
ENSG00000164978	1
ENSG00000164976	4
ENSG00000285328	3
ENSG00000116711	3
ENSG00000106624	3
ENSG00000198515	12
ENSG00000205336	4
ENSG00000278728	3
ENSG00000111752	3
ENSG00000176410	4
ENSG00000101400	4
ENSG00000088305	6
ENSG00000100577	1
ENSG00000164830	2
ENSG00000164306	3
ENSG00000136758	3
ENSG00000147257	6
ENSG00000126895	4
ENSG00000234096	2
ENSG00000185960	8
ENSG00000102003	3
ENSG00000197299	6
ENSG00000108055	4
ENSG00000101846	3
ENSG00000138347	5
ENSG00000168769	5
ENSG00000165181	2
ENSG00000227858	4
ENSG00000180053	2
ENSG00000122367	8
ENSG00000106344	5
ENSG00000138684	5
ENSG00000147650	3
ENSG00000181004	2
ENSG00000182759	3
ENSG00000227222	1
ENSG00000169169	2
ENSG00000130707	2
ENSG00000185818	1
ENSG00000089225	5
ENSG00000166794	3
ENSG00000114859	5
ENSG00000070182	3
ENSG00000278220	9
ENSG00000009830	16
ENSG00000111087	6
ENSG00000241476	1
ENSG00000100997	4
ENSG00000100354	1
ENSG00000140854	3
ENSG00000105792	2
ENSG00000101444	2
ENSG00000251322	5
ENSG00000180316	2
ENSG00000101464	1
ENSG00000289720	2
ENSG00000136451	3
ENSG00000182872	2
ENSG00000109685	4
ENSG00000196878	7
ENSG00000240065	4
ENSG00000121053	3
ENSG00000141985	6
ENSG00000198929	3
ENSG00000166986	7
ENSG00000174996	3
ENSG00000078747	2
ENSG00000101003	2
ENSG00000100473	8
ENSG00000083799	11
ENSG00000130985	6
ENSG00000229341	5
ENSG00000107862	2
ENSG00000164953	18
ENSG00000147123	14
ENSG00000105974	7
ENSG00000132664	2
ENSG00000274726	2
ENSG00000080572	3
ENSG00000165240	11
ENSG00000116903	2
ENSG00000228691	4
ENSG00000104826	3
ENSG00000103723	3
ENSG00000163945	3
ENSG00000227816	2
ENSG00000167716	6
ENSG00000231116	2
ENSG00000177098	4
ENSG00000135541	5
ENSG00000101310	5
ENSG00000114354	5
ENSG00000135454	3
ENSG00000258839	6
ENSG00000196236	2
ENSG00000255072	4
ENSG00000141013	3
ENSG00000102104	5
ENSG00000125826	3
ENSG00000044446	4
ENSG00000224156	5
ENSG00000069248	5
ENSG00000129083	1
ENSG00000132549	7
ENSG00000135446	3
ENSG00000196305	2
ENSG00000213638	3
ENSG00000230669	4
ENSG00000162769	5
ENSG00000282230	5
ENSG00000239836	4
ENSG00000102103	4
ENSG00000123297	4
ENSG00000149782	1
ENSG00000070915	3
ENSG00000233345	5
ENSG00000176619	5
ENSG00000181585	4
ENSG00000273889	3
ENSG00000042781	8
ENSG00000072110	2
ENSG00000119878	2
ENSG00000136875	6
ENSG00000086848	4
ENSG00000102100	3
ENSG00000148218	5
ENSG00000005471	13
ENSG00000241635	13
ENSG00000160801	10
ENSG00000068308	1
ENSG00000099797	4
ENSG00000101350	1
ENSG00000151632	6
ENSG00000273540	3
ENSG00000085563	3
ENSG00000184743	3
ENSG00000160796	3
ENSG00000102931	6
ENSG00000105429	4
ENSG00000241878	2
ENSG00000114739	4
ENSG00000141052	1
ENSG00000128973	8
ENSG00000079435	5
ENSG00000276559	1
ENSG00000167014	2
ENSG00000182197	8
ENSG00000143324	4
ENSG00000154016	4
ENSG00000235336	4
ENSG00000243958	4
ENSG00000118193	7
ENSG00000181038	4
ENSG00000100836	5
ENSG00000182372	9
ENSG00000011143	11
ENSG00000292192	13
ENSG00000112312	3
ENSG00000054282	4
ENSG00000101109	2
ENSG00000197321	2
ENSG00000277800	6
ENSG00000174099	4
ENSG00000067992	2
ENSG00000138738	6
ENSG00000125813	2
ENSG00000236221	5
ENSG00000104728	2
ENSG00000076351	4
ENSG00000104918	3
ENSG00000164708	2
ENSG00000109103	3
ENSG00000131061	3
ENSG00000114450	2
ENSG00000138193	4
ENSG00000204385	4
ENSG00000225967	2
ENSG00000136051	4
ENSG00000100360	2
ENSG00000134245	2
ENSG00000169933	3
ENSG00000107104	2
ENSG00000176387	4
ENSG00000214413	2
ENSG00000185115	1
ENSG00000159723	3
ENSG00000292208	4
ENSG00000292209	3
ENSG00000292211	1
ENSG00000111700	2
ENSG00000213380	2
ENSG00000226171	1
ENSG00000198814	2
ENSG00000125885	3
ENSG00000140263	2
ENSG00000230885	2
ENSG00000166006	3
ENSG00000069696	2
ENSG00000292217	7
ENSG00000226858	4
ENSG00000292221	7
ENSG00000108061	5
ENSG00000122877	6
ENSG00000140279	3
ENSG00000140274	3
ENSG00000176715	2
ENSG00000291356	2
ENSG00000233049	1
ENSG00000122126	8
ENSG00000242711	4
ENSG00000157869	5
ENSG00000292224	2
ENSG00000136883	5
ENSG00000054392	4
ENSG00000129910	3
ENSG00000151790	2
ENSG00000159899	7
ENSG00000164756	3
ENSG00000101311	2
ENSG00000090674	5
ENSG00000168356	5
ENSG00000236346	4
ENSG00000143341	5
ENSG00000138363	7
ENSG00000165125	3
ENSG00000196230	5
ENSG00000186073	2
ENSG00000101126	5
ENSG00000147647	2
ENSG00000232367	2
ENSG00000158828	2
ENSG00000231003	1
ENSG00000288293	4
ENSG00000136352	9
ENSG00000140463	2
ENSG00000091879	3
ENSG00000136872	2
ENSG00000116761	2
ENSG00000073734	9
ENSG00000165588	8
ENSG00000032444	16
ENSG00000142676	2
ENSG00000160602	3
ENSG00000136574	16
ENSG00000137285	3
ENSG00000163347	6
ENSG00000113946	3
ENSG00000178726	6
ENSG00000123700	10
ENSG00000117308	4
ENSG00000288516	3
ENSG00000170807	3
ENSG00000147316	3
ENSG00000184916	3
ENSG00000169594	3
ENSG00000196976	2
ENSG00000137267	3
ENSG00000081479	2
ENSG00000128159	8
ENSG00000173085	5
ENSG00000187726	3
ENSG00000132300	4
ENSG00000137802	2
ENSG00000106327	2
ENSG00000175564	3
ENSG00000213085	4
ENSG00000184979	2
ENSG00000077080	4
ENSG00000179364	3
ENSG00000111799	8
ENSG00000163399	5
ENSG00000151704	3
ENSG00000234669	4
ENSG00000175505	2
ENSG00000172354	5
ENSG00000008853	3
ENSG00000232326	2
ENSG00000130427	5
ENSG00000232541	17
ENSG00000120889	1
ENSG00000177189	7
ENSG00000182473	2
ENSG00000159403	3
ENSG00000134588	2
ENSG00000104774	6
ENSG00000138286	3
ENSG00000129654	3
ENSG00000146197	1
ENSG00000182180	4
ENSG00000139197	17
ENSG00000100393	15
ENSG00000224552	3
ENSG00000171004	4
ENSG00000103222	4
ENSG00000196411	5
ENSG00000120500	3
ENSG00000108963	1
ENSG00000226173	2
ENSG00000102935	2
ENSG00000177628	30
ENSG00000104889	4
ENSG00000119669	3
ENSG00000090889	3
ENSG00000232960	2
ENSG00000101152	4
ENSG00000230060	1
ENSG00000112041	11
ENSG00000166402	6
ENSG00000160957	15
ENSG00000256053	4
ENSG00000130363	3
ENSG00000074181	10
ENSG00000204104	2
ENSG00000196358	2
ENSG00000143627	5
ENSG00000206235	2
ENSG00000156973	3
ENSG00000184304	1
ENSG00000163297	2
ENSG00000030304	7
ENSG00000128039	3
ENSG00000125848	4
ENSG00000110063	4
ENSG00000144535	3
ENSG00000048740	3
ENSG00000109618	3
ENSG00000008283	2
ENSG00000182004	2
ENSG00000090006	5
ENSG00000123552	5
ENSG00000156042	2
ENSG00000159640	5
ENSG00000017260	4
ENSG00000171551	3
ENSG00000010671	7
ENSG00000148053	4
ENSG00000237412	3
ENSG00000132773	3
ENSG00000104133	7
ENSG00000102245	3
ENSG00000148600	6
ENSG00000135902	11
ENSG00000148604	6
ENSG00000136240	3
ENSG00000196811	5
ENSG00000132763	4
ENSG00000111199	24
ENSG00000183423	5
ENSG00000138823	5
ENSG00000139151	2
ENSG00000123815	4
ENSG00000165168	4
ENSG00000198223	2
ENSG00000151611	2
ENSG00000026025	3
ENSG00000103876	2
ENSG00000119335	3
ENSG00000129295	3
ENSG00000133019	4
ENSG00000187091	2
ENSG00000226589	2
ENSG00000181544	9
ENSG00000132639	3
ENSG00000075886	3
ENSG00000175390	4
ENSG00000227402	3
ENSG00000101346	3
ENSG00000182255	1
ENSG00000131808	3
ENSG00000137473	2
ENSG00000148204	3
ENSG00000107099	3
ENSG00000146070	5
ENSG00000073861	3
ENSG00000126001	1
ENSG00000114805	5
ENSG00000224748	2
ENSG00000011465	3
ENSG00000171503	6
ENSG00000198690	3
ENSG00000111775	5
ENSG00000077721	4
ENSG00000257218	4
ENSG00000109861	20
ENSG00000128602	9
ENSG00000138078	3
ENSG00000018610	3
ENSG00000204364	7
ENSG00000106571	16
ENSG00000110871	5
ENSG00000231939	3
ENSG00000131828	5
ENSG00000139537	3
ENSG00000011600	3
ENSG00000090054	5
ENSG00000256525	13
ENSG00000101076	13
ENSG00000117984	4
ENSG00000169884	6
ENSG00000118762	2
ENSG00000269335	15
ENSG00000139549	12
ENSG00000160949	3
ENSG00000156466	17
ENSG00000090534	3
ENSG00000130283	7
ENSG00000206237	3
ENSG00000138449	2
ENSG00000188343	3
ENSG00000174483	2
ENSG00000064601	6
ENSG00000224389	2
ENSG00000236178	4
ENSG00000144036	3
ENSG00000204359	10
ENSG00000236561	2
ENSG00000231852	4
ENSG00000188603	4
ENSG00000136698	4
ENSG00000107331	1
ENSG00000213614	6
ENSG00000160211	3
ENSG00000048392	10
ENSG00000138759	5
ENSG00000164754	5
ENSG00000101210	7
ENSG00000135903	9
ENSG00000147168	4
ENSG00000152591	12
ENSG00000155016	2
ENSG00000182054	3
ENSG00000125351	4
ENSG00000165915	5
ENSG00000147065	2
ENSG00000138821	4
ENSG00000105329	6
ENSG00000130175	3
ENSG00000165917	7
ENSG00000101935	2
ENSG00000213619	4
ENSG00000130826	4
ENSG00000082996	4
ENSG00000010610	3
ENSG00000186790	7
ENSG00000143061	2
ENSG00000228582	2
ENSG00000232421	5
ENSG00000109323	5
ENSG00000175536	2
ENSG00000142330	4
ENSG00000175538	3
ENSG00000223494	4
ENSG00000135821	2
ENSG00000164597	3
ENSG00000231631	4
ENSG00000107036	1
ENSG00000227315	4
ENSG00000111664	7
ENSG00000232180	4
ENSG00000172482	3
ENSG00000171135	3
ENSG00000135925	13
ENSG00000111877	3
ENSG00000232575	5
ENSG00000235222	5
ENSG00000228090	1
ENSG00000163499	3
ENSG00000174080	4
ENSG00000168275	6
ENSG00000181378	2
ENSG00000137070	4
ENSG00000167202	1
ENSG00000163501	6
ENSG00000125450	3
ENSG00000203879	3
ENSG00000145020	3
ENSG00000223699	17
ENSG00000111676	4
ENSG00000149131	6
ENSG00000102312	5
ENSG00000111678	2
ENSG00000230475	3
ENSG00000182621	4
ENSG00000243335	3
ENSG00000183918	3
ENSG00000237834	2
ENSG00000143278	2
ENSG00000101916	2
ENSG00000149575	2
ENSG00000227460	3
ENSG00000101966	6
ENSG00000116678	4
ENSG00000130713	3
ENSG00000111669	3
ENSG00000125445	4
ENSG00000115657	7
ENSG00000049239	4
ENSG00000244038	2
ENSG00000116690	2
ENSG00000119508	1
ENSG00000125454	7
ENSG00000135297	4
ENSG00000164022	2
ENSG00000166548	9
ENSG00000095585	3
ENSG00000124588	3
ENSG00000181222	2
ENSG00000183018	4
ENSG00000231945	2
ENSG00000233151	4
ENSG00000257923	1
ENSG00000229474	2
ENSG00000233561	1
ENSG00000186340	2
ENSG00000224774	2
ENSG00000223852	4
ENSG00000204842	5
ENSG00000178209	16
ENSG00000173540	12
ENSG00000187288	3
ENSG00000237333	5
ENSG00000138796	7
ENSG00000231488	3
ENSG00000234343	4
ENSG00000064313	2
ENSG00000151806	4
ENSG00000167680	2
ENSG00000109927	8
ENSG00000231543	7
ENSG00000230961	5
ENSG00000183770	8
ENSG00000197256	6
ENSG00000105948	1
ENSG00000233323	5
ENSG00000169032	14
ENSG00000206557	1
ENSG00000184494	4
ENSG00000126091	8
ENSG00000141497	2
ENSG00000128610	7
ENSG00000175544	5
ENSG00000232641	2
ENSG00000175606	4
ENSG00000152592	2
ENSG00000026297	2
ENSG00000223858	4
ENSG00000155906	4
ENSG00000230293	5
ENSG00000197061	1
ENSG00000185002	2
ENSG00000147044	10
ENSG00000112493	2
ENSG00000109501	14
ENSG00000008311	2
ENSG00000114209	2
ENSG00000235067	5
ENSG00000087460	38
ENSG00000163536	2
ENSG00000172977	2
ENSG00000135917	3
ENSG00000172922	4
ENSG00000074047	10
ENSG00000118972	7
ENSG00000118971	4
ENSG00000108556	9
ENSG00000135414	1
ENSG00000188467	3
ENSG00000161270	3
ENSG00000108784	7
ENSG00000068120	7
ENSG00000015285	10
ENSG00000206372	7
ENSG00000189056	10
ENSG00000123342	3
ENSG00000096171	2
ENSG00000234846	4
ENSG00000197386	3
ENSG00000136861	3
ENSG00000131470	3
ENSG00000128617	4
ENSG00000068323	7
ENSG00000225824	3
ENSG00000122687	4
ENSG00000236443	4
ENSG00000134640	3
ENSG00000237114	4
ENSG00000235696	7
ENSG00000002822	2
ENSG00000074803	3
ENSG00000231608	5
ENSG00000083937	3
ENSG00000114251	4
ENSG00000196611	4
ENSG00000123240	2
ENSG00000223957	4
ENSG00000183833	2
ENSG00000242335	10
ENSG00000229353	5
ENSG00000198331	1
ENSG00000232099	4
ENSG00000110060	3
ENSG00000134324	4
ENSG00000062038	12
ENSG00000230700	2
ENSG00000177469	3
ENSG00000106128	4
ENSG00000128731	9
ENSG00000227565	4
ENSG00000065328	2
ENSG00000161610	2
ENSG00000229802	3
ENSG00000231377	1
ENSG00000107537	3
ENSG00000228896	4
ENSG00000039068	19
ENSG00000197594	11
ENSG00000169105	6
ENSG00000094631	2
ENSG00000243989	3
ENSG00000014641	3
ENSG00000229684	5
ENSG00000128928	2
ENSG00000197535	5
ENSG00000144034	2
ENSG00000225737	4
ENSG00000170426	2
ENSG00000206403	3
ENSG00000169344	3
ENSG00000226614	3
ENSG00000163795	6
ENSG00000166863	3
ENSG00000239754	10
ENSG00000228454	2
ENSG00000234032	4
ENSG00000148985	4
ENSG00000198457	4
ENSG00000197283	3
ENSG00000102145	10
ENSG00000147162	3
ENSG00000234623	2
ENSG00000164087	3
ENSG00000237165	4
ENSG00000231479	4
ENSG00000115255	6
ENSG00000026103	4
ENSG00000236236	5
ENSG00000054654	4
ENSG00000127914	4
ENSG00000134460	2
ENSG00000141736	11
ENSG00000126883	9
ENSG00000138002	13
ENSG00000122591	2
ENSG00000223493	4
ENSG00000235017	7
ENSG00000164023	3
ENSG00000168237	2
ENSG00000234530	4
ENSG00000163930	7
ENSG00000137197	4
ENSG00000179218	8
ENSG00000187079	5
ENSG00000147588	2
ENSG00000135317	3
ENSG00000156413	1
ENSG00000125107	6
ENSG00000227739	5
ENSG00000133731	4
ENSG00000138688	2
ENSG00000206281	2
ENSG00000111424	5
ENSG00000159650	2
ENSG00000174004	1
ENSG00000180370	4
ENSG00000174007	3
ENSG00000125166	3
ENSG00000105464	4
ENSG00000103479	1
ENSG00000204897	2
ENSG00000186395	6
ENSG00000184432	4
ENSG00000187242	3
ENSG00000228267	2
ENSG00000241534	10
ENSG00000259384	16
ENSG00000148795	4
ENSG00000055609	2
ENSG00000139219	78
ENSG00000186111	2
ENSG00000164418	5
ENSG00000007314	23
ENSG00000076685	3
ENSG00000115947	3
ENSG00000235676	3
ENSG00000172053	3
ENSG00000157404	23
ENSG00000147010	3
ENSG00000103494	10
ENSG00000198246	4
ENSG00000235715	4
ENSG00000258947	8
ENSG00000204406	3
ENSG00000258366	10
ENSG00000156414	2
ENSG00000124788	3
ENSG00000206013	3
ENSG00000172379	1
ENSG00000137601	5
ENSG00000077150	5
ENSG00000161653	2
ENSG00000227801	17
ENSG00000166224	4
ENSG00000125656	6
ENSG00000070729	6
ENSG00000171456	8
ENSG00000159579	3
ENSG00000122643	3
ENSG00000104055	2
ENSG00000164610	6
ENSG00000189067	2
ENSG00000166257	3
ENSG00000233418	1
ENSG00000237123	4
ENSG00000215644	3
ENSG00000185344	14
ENSG00000183454	3
ENSG00000171204	4
ENSG00000223481	2
ENSG00000065618	5
ENSG00000185024	3
ENSG00000179085	8
ENSG00000168214	3
ENSG00000213853	4
ENSG00000171202	6
ENSG00000083444	6
ENSG00000128944	3
ENSG00000243067	4
ENSG00000197653	2
ENSG00000151366	4
ENSG00000124164	4
ENSG00000107960	5
ENSG00000144061	8
ENSG00000152137	4
ENSG00000235125	4
ENSG00000169297	10
ENSG00000145390	5
ENSG00000136367	1
ENSG00000141522	4
ENSG00000124222	5
ENSG00000228875	2
ENSG00000015133	6
ENSG00000035928	3
ENSG00000158169	7
ENSG00000166341	5
ENSG00000159063	5
ENSG00000188517	5
ENSG00000278570	10
ENSG00000125779	5
ENSG00000090581	4
ENSG00000137507	1
ENSG00000243594	4
ENSG00000012232	3
ENSG00000172037	6
ENSG00000078124	2
ENSG00000185909	4
ENSG00000121905	2
ENSG00000163646	14
ENSG00000136931	14
ENSG00000087494	3
ENSG00000143222	2
ENSG00000115504	3
ENSG00000206406	2
ENSG00000198707	18
ENSG00000148606	9
ENSG00000123908	1
ENSG00000143224	5
ENSG00000221829	7
ENSG00000178522	3
ENSG00000138326	2
ENSG00000149260	3
ENSG00000078579	3
ENSG00000206440	4
ENSG00000206288	3
ENSG00000124275	5
ENSG00000132792	2
ENSG00000164932	2
ENSG00000236196	4
ENSG00000185813	2
ENSG00000168014	4
ENSG00000102030	12
ENSG00000158874	2
ENSG00000132024	4
ENSG00000232414	4
ENSG00000110799	6
ENSG00000008277	3
ENSG00000137345	2
ENSG00000187720	2
ENSG00000183044	2
ENSG00000113569	2
ENSG00000156313	16
ENSG00000230985	4
ENSG00000167642	2
ENSG00000132466	1
ENSG00000119969	2
ENSG00000136003	3
ENSG00000152582	2
ENSG00000127947	2
ENSG00000099810	5
ENSG00000075043	5
ENSG00000126970	7
ENSG00000147889	11
ENSG00000107521	6
ENSG00000224398	2
ENSG00000183010	13
ENSG00000149418	2
ENSG00000172409	3
ENSG00000198853	4
ENSG00000167645	1
ENSG00000236063	3
ENSG00000122140	4
ENSG00000104907	4
ENSG00000237459	1
ENSG00000138778	5
ENSG00000106410	3
ENSG00000206476	4
ENSG00000147894	3
ENSG00000175535	4
ENSG00000198947	10
ENSG00000206353	4
ENSG00000164690	14
ENSG00000119523	6
ENSG00000244207	2
ENSG00000139116	5
ENSG00000184009	8
ENSG00000198650	6
ENSG00000164093	11
ENSG00000135318	2
ENSG00000185624	4
ENSG00000014919	6
ENSG00000227314	5
ENSG00000224393	1
ENSG00000155100	4
ENSG00000077380	2
ENSG00000131462	3
ENSG00000154122	7
ENSG00000120519	2
ENSG00000105983	15
ENSG00000108797	4
ENSG00000148826	2
ENSG00000075702	3
ENSG00000236490	2
ENSG00000184014	3
ENSG00000182774	2
ENSG00000130675	5
ENSG00000140598	2
ENSG00000175920	8
ENSG00000265107	6
ENSG00000121634	4
ENSG00000163956	3
ENSG00000166813	8
ENSG00000224264	2
ENSG00000166747	2
ENSG00000113389	1
ENSG00000070214	1
ENSG00000106633	16
ENSG00000206460	4
ENSG00000169271	2
ENSG00000111716	2
ENSG00000227129	4
ENSG00000106462	4
ENSG00000139330	3
ENSG00000179409	2
ENSG00000104738	2
ENSG00000105618	6
ENSG00000229077	4
ENSG00000236625	2
ENSG00000112964	7
ENSG00000224212	2
ENSG00000241253	10
ENSG00000125505	4
ENSG00000103546	2
ENSG00000122335	5
ENSG00000151474	3
ENSG00000272047	5
ENSG00000175595	13
ENSG00000170892	3
ENSG00000049768	5
ENSG00000234602	3
ENSG00000107485	3
ENSG00000102144	2
ENSG00000105991	2
ENSG00000095397	6
ENSG00000105996	1
ENSG00000185760	3
ENSG00000138413	3
ENSG00000116688	10
ENSG00000226560	7
ENSG00000141161	5
ENSG00000005073	4
ENSG00000197238	1
ENSG00000084073	7
ENSG00000106031	7
ENSG00000091262	7
ENSG00000206258	5
ENSG00000136827	4
ENSG00000049089	11
ENSG00000145476	5
ENSG00000033011	2
ENSG00000158887	14
ENSG00000206299	2
ENSG00000140525	7
ENSG00000112541	5
ENSG00000120071	2
ENSG00000156515	14
ENSG00000104880	6
ENSG00000162004	2
ENSG00000086758	4
ENSG00000128917	3
ENSG00000206340	2
ENSG00000167986	1
ENSG00000183311	5
ENSG00000179344	3
ENSG00000174720	3
ENSG00000126106	2
ENSG00000149476	1
ENSG00000104320	7
ENSG00000196569	6
ENSG00000148180	6
ENSG00000140368	4
ENSG00000227686	2
ENSG00000138760	2
ENSG00000070193	2
ENSG00000206510	4
ENSG00000172572	4
ENSG00000205403	6
ENSG00000197121	4
ENSG00000140650	2
ENSG00000235569	5
ENSG00000253729	2
ENSG00000117425	2
ENSG00000133256	11
ENSG00000029993	5
ENSG00000206298	4
ENSG00000123066	6
ENSG00000196586	8
ENSG00000104723	4
ENSG00000168993	6
ENSG00000167110	1
ENSG00000124486	7
ENSG00000069974	6
ENSG00000126088	6
ENSG00000147475	3
ENSG00000141252	3
ENSG00000206486	1
ENSG00000231286	3
ENSG00000144182	4
ENSG00000064419	3
ENSG00000072840	12
ENSG00000015171	2
ENSG00000130203	23
ENSG00000165282	4
ENSG00000066427	3
ENSG00000112592	5
ENSG00000147471	4
ENSG00000234906	3
ENSG00000123454	3
ENSG00000125124	8
ENSG00000187616	1
ENSG00000237599	2
ENSG00000226201	4
ENSG00000206290	17
ENSG00000178074	4
ENSG00000240508	4
ENSG00000149489	12
ENSG00000038427	4
ENSG00000230705	2
ENSG00000149541	5
ENSG00000188778	3
ENSG00000089597	2
ENSG00000147465	4
ENSG00000181541	5
ENSG00000115524	3
ENSG00000083720	2
ENSG00000126583	3
ENSG00000085788	3
ENSG00000160323	3
ENSG00000106341	2
ENSG00000173068	1
ENSG00000111961	2
ENSG00000206338	4
ENSG00000172575	2
ENSG00000197265	3
ENSG00000120903	2
ENSG00000132510	2
ENSG00000120915	2
ENSG00000235708	17
ENSG00000159363	7
ENSG00000204922	4
ENSG00000113273	7
ENSG00000112761	3
ENSG00000138600	2
ENSG00000224399	3
ENSG00000108950	4
ENSG00000151148	3
ENSG00000138382	4
ENSG00000185963	4
ENSG00000141337	2
ENSG00000142619	2
ENSG00000198836	23
ENSG00000102967	4
ENSG00000230930	17
ENSG00000198589	5
ENSG00000196116	3
ENSG00000139428	2
ENSG00000128891	1
ENSG00000140829	6
ENSG00000198668	6
ENSG00000095380	3
ENSG00000179855	4
ENSG00000137812	3
ENSG00000130449	5
ENSG00000154305	2
ENSG00000206302	3
ENSG00000182173	9
ENSG00000144381	4
ENSG00000233209	3
ENSG00000145335	8
ENSG00000230034	4
ENSG00000171320	4
ENSG00000228263	4
ENSG00000130783	2
ENSG00000052802	3
ENSG00000109472	1
ENSG00000206208	2
ENSG00000148737	3
ENSG00000206378	4
ENSG00000073282	28
ENSG00000006016	2
ENSG00000134240	2
ENSG00000240118	4
ENSG00000073331	2
ENSG00000165916	1
ENSG00000001631	1
ENSG00000102878	3
ENSG00000127241	2
ENSG00000243570	10
ENSG00000091513	3
ENSG00000047056	1
ENSG00000249581	4
ENSG00000185338	2
ENSG00000164190	4
ENSG00000196998	7
ENSG00000174640	5
ENSG00000213918	2
ENSG00000112562	3
ENSG00000232616	4
ENSG00000092621	8
ENSG00000155980	3
ENSG00000144891	5
ENSG00000112077	1
ENSG00000137161	3
ENSG00000196655	2
ENSG00000135437	5
ENSG00000163687	3
ENSG00000167632	4
ENSG00000152208	3
ENSG00000091831	7
ENSG00000172238	4
ENSG00000206297	2
ENSG00000227746	2
ENSG00000104884	14
ENSG00000235134	4
ENSG00000163104	7
ENSG00000140374	6
ENSG00000109132	7
ENSG00000284770	8
ENSG00000206396	1
ENSG00000014824	4
ENSG00000167447	1
ENSG00000044090	4
ENSG00000184640	2
ENSG00000215203	4
ENSG00000182117	4
ENSG00000111319	6
ENSG00000079432	3
ENSG00000276180	1
ENSG00000119723	8
ENSG00000104936	5
ENSG00000138798	3
ENSG00000146701	3
ENSG00000130414	4
ENSG00000113318	5
ENSG00000168685	2
ENSG00000165995	3
ENSG00000119711	2
ENSG00000168291	5
ENSG00000160111	4
ENSG00000119614	6
ENSG00000152669	3
ENSG00000119688	3
ENSG00000099624	4
ENSG00000164414	2
ENSG00000105711	10
ENSG00000146282	5
ENSG00000167791	4
ENSG00000158683	4
ENSG00000113494	6
ENSG00000140553	1
ENSG00000180228	2
ENSG00000177954	2
ENSG00000165525	1
ENSG00000108479	4
ENSG00000067842	2
ENSG00000177370	4
ENSG00000205899	4
ENSG00000158517	4
ENSG00000145217	2
ENSG00000167792	4
ENSG00000165410	3
ENSG00000204311	4
ENSG00000127415	22
ENSG00000188037	4
ENSG00000082458	3
ENSG00000164258	5
ENSG00000127418	3
ENSG00000223802	3
ENSG00000116198	3
ENSG00000112137	3
ENSG00000092020	3
ENSG00000106009	5
ENSG00000182492	5
ENSG00000175426	4
ENSG00000100890	4
ENSG00000129682	3
ENSG00000153933	4
ENSG00000184056	4
ENSG00000101958	4
ENSG00000005893	2
ENSG00000177301	4
ENSG00000132837	2
ENSG00000196549	5
ENSG00000094914	3
ENSG00000204248	17
ENSG00000141580	2
ENSG00000203877	4
ENSG00000102172	5
ENSG00000160752	3
ENSG00000177082	2
ENSG00000213139	3
ENSG00000164199	3
ENSG00000145192	2
ENSG00000077279	4
ENSG00000170374	3
ENSG00000113905	3
ENSG00000087274	2
ENSG00000151445	4
ENSG00000135409	3
ENSG00000166340	6
ENSG00000121957	2
ENSG00000163093	2
ENSG00000100596	3
ENSG00000239474	3
ENSG00000109320	5
ENSG00000150275	8
ENSG00000067560	1
ENSG00000105576	1
ENSG00000104413	4
ENSG00000197694	4
ENSG00000177646	2
ENSG00000145794	4
ENSG00000010292	3
ENSG00000156170	7
ENSG00000080503	6
ENSG00000156172	14
ENSG00000109775	6
ENSG00000170113	2
ENSG00000006611	8
ENSG00000169704	3
ENSG00000101974	2
ENSG00000147408	1
ENSG00000188162	4
ENSG00000180209	3
ENSG00000172059	4
ENSG00000116874	5
ENSG00000124313	3
ENSG00000167371	7
ENSG00000119661	3
ENSG00000164588	6
ENSG00000184500	4
ENSG00000077264	3
ENSG00000196511	2
ENSG00000178694	4
ENSG00000072195	3
ENSG00000171316	10
ENSG00000079616	3
ENSG00000169379	3
ENSG00000141556	3
ENSG00000113522	3
ENSG00000124006	4
ENSG00000138834	2
ENSG00000141579	2
ENSG00000151150	4
ENSG00000109917	1
ENSG00000137869	7
ENSG00000110243	3
ENSG00000110245	2
ENSG00000106003	4
ENSG00000102125	9
ENSG00000118137	4
ENSG00000105379	6
ENSG00000160868	2
ENSG00000164209	5
ENSG00000157119	3
ENSG00000105370	3
ENSG00000163069	4
ENSG00000113368	6
ENSG00000166170	3
ENSG00000132600	6
ENSG00000091140	5
ENSG00000154277	2
ENSG00000160584	3
ENSG00000108821	24
ENSG00000168000	13
ENSG00000101871	5
ENSG00000111642	1
ENSG00000015532	9
ENSG00000101901	4
ENSG00000140326	2
ENSG00000176842	2
ENSG00000108823	4
ENSG00000128881	3
ENSG00000071127	1
ENSG00000149922	3
ENSG00000185313	2
ENSG00000131238	3
ENSG00000169306	3
ENSG00000171680	4
ENSG00000165194	5
ENSG00000112992	2
ENSG00000137168	3
ENSG00000171714	9
ENSG00000091129	1
ENSG00000187486	20
ENSG00000131398	3
ENSG00000110711	13
ENSG00000146872	3
ENSG00000206561	3
ENSG00000112182	2
ENSG00000172890	3
ENSG00000275896	4
ENSG00000140400	2
ENSG00000161328	3
ENSG00000004939	10
ENSG00000131711	7
ENSG00000102393	3
ENSG00000115474	9
ENSG00000161671	2
ENSG00000167522	5
ENSG00000197467	3
ENSG00000105877	3
ENSG00000138435	8
ENSG00000169375	5
ENSG00000149948	4
ENSG00000165119	4
ENSG00000005961	4
ENSG00000183032	4
ENSG00000122859	2
ENSG00000090520	2
ENSG00000174917	4
ENSG00000111596	1
ENSG00000154743	3
ENSG00000179403	2
ENSG00000163170	4
ENSG00000169083	15
ENSG00000257017	1
ENSG00000097007	7
ENSG00000092067	6
ENSG00000103449	4
ENSG00000095787	2
ENSG00000147050	6
ENSG00000149926	5
ENSG00000140943	3
ENSG00000101972	6
ENSG00000139190	5
ENSG00000041982	4
ENSG00000213689	18
ENSG00000197753	4
ENSG00000205084	8
ENSG00000275410	10
ENSG00000132591	6
ENSG00000187790	8
ENSG00000196365	4
ENSG00000074582	8
ENSG00000140986	3
ENSG00000140990	1
ENSG00000077782	26
ENSG00000174886	4
ENSG00000152457	5
ENSG00000196517	3
ENSG00000167654	2
ENSG00000135486	7
ENSG00000109705	3
ENSG00000044115	5
ENSG00000167658	3
ENSG00000178951	1
ENSG00000126934	6
ENSG00000163482	3
ENSG00000158526	2
ENSG00000102302	2
ENSG00000161513	2
ENSG00000060566	1
ENSG00000066629	3
ENSG00000131931	2
ENSG00000036473	2
ENSG00000120925	5
ENSG00000182040	2
ENSG00000113272	2
ENSG00000156298	3
ENSG00000135929	8
ENSG00000169599	4
ENSG00000169057	12
ENSG00000115568	2
ENSG00000284395	2
ENSG00000075891	4
ENSG00000273820	3
ENSG00000106976	5
ENSG00000147133	6
ENSG00000100714	3
ENSG00000179950	4
ENSG00000154518	1
ENSG00000136492	10
ENSG00000137868	6
ENSG00000114270	13
ENSG00000100697	10
ENSG00000121879	37
ENSG00000109220	6
ENSG00000108381	3
ENSG00000148459	5
ENSG00000140459	4
ENSG00000155858	4
ENSG00000161980	2
ENSG00000198805	2
ENSG00000138623	5
ENSG00000072364	3
ENSG00000079841	5
ENSG00000145817	1
ENSG00000061455	3
ENSG00000049540	11
ENSG00000130635	5
ENSG00000001084	2
ENSG00000139193	2
ENSG00000197858	3
ENSG00000085840	3
ENSG00000068305	2
ENSG00000204264	4
ENSG00000163041	1
ENSG00000072778	4
ENSG00000111834	3
ENSG00000113889	6
ENSG00000105610	2
ENSG00000114854	6
ENSG00000215301	3
ENSG00000106290	1
ENSG00000008441	6
ENSG00000164532	3
ENSG00000204351	4
ENSG00000114841	5
ENSG00000107187	4
ENSG00000076201	2
ENSG00000064651	6
ENSG00000134138	1
ENSG00000029534	2
ENSG00000100906	5
ENSG00000143369	3
ENSG00000025796	3
ENSG00000198561	6
ENSG00000129646	2
ENSG00000174891	4
ENSG00000270765	3
ENSG00000204498	4
ENSG00000113971	7
ENSG00000148660	3
ENSG00000104213	5
ENSG00000132153	2
ENSG00000135604	3
ENSG00000155465	2
ENSG00000272333	5
ENSG00000228716	3
ENSG00000174705	3
ENSG00000131095	2
ENSG00000168394	2
ENSG00000213928	2
ENSG00000109738	3
ENSG00000176884	8
ENSG00000127152	6
ENSG00000092330	17
ENSG00000135535	4
ENSG00000198835	8
ENSG00000181873	7
ENSG00000129757	9
ENSG00000130948	4
ENSG00000145819	6
ENSG00000156113	4
ENSG00000114554	1
ENSG00000062822	5
ENSG00000166126	4
ENSG00000198363	3
ENSG00000052850	8
ENSG00000173575	5
ENSG00000120756	4
ENSG00000135596	2
ENSG00000095059	2
ENSG00000174780	4
ENSG00000086062	4
ENSG00000176406	1
ENSG00000112365	2
ENSG00000164007	7
ENSG00000179583	6
ENSG00000166206	4
ENSG00000081307	7
ENSG00000151348	7
ENSG00000013375	3
ENSG00000117385	3
ENSG00000166801	5
ENSG00000213741	2
ENSG00000186297	3
ENSG00000277494	3
ENSG00000104899	3
ENSG00000168282	4
ENSG00000022355	3
ENSG00000243649	10
ENSG00000165506	3
ENSG00000140521	30
ENSG00000112473	3
ENSG00000163719	2
ENSG00000152795	3
ENSG00000183735	3
ENSG00000164344	2
ENSG00000120149	10
ENSG00000187240	5
ENSG00000156983	4
ENSG00000116539	3
ENSG00000135677	5
ENSG00000154188	4
ENSG00000102974	5
ENSG00000011376	10
ENSG00000174106	3
ENSG00000142731	6
ENSG00000080815	15
ENSG00000153822	1
ENSG00000136997	6
ENSG00000164933	1
ENSG00000110435	5
ENSG00000164736	2
ENSG00000165688	2
ENSG00000104237	6
ENSG00000198752	1
ENSG00000116353	5
ENSG00000177595	4
ENSG00000126464	3
ENSG00000108395	5
ENSG00000177045	3
ENSG00000129003	2
ENSG00000166710	4
ENSG00000115414	6
ENSG00000106688	2
ENSG00000184156	2
ENSG00000102901	1
ENSG00000126814	4
ENSG00000117593	5
ENSG00000106804	2
ENSG00000164073	8
ENSG00000023892	2
ENSG00000112039	7
ENSG00000177192	6
ENSG00000130429	1
ENSG00000160460	2
ENSG00000081087	4
ENSG00000113580	3
ENSG00000137822	6
ENSG00000205220	4
ENSG00000143217	3
ENSG00000213398	4
ENSG00000241935	2
ENSG00000169679	2
ENSG00000187848	4
ENSG00000147862	1
ENSG00000115286	4
ENSG00000113594	5
ENSG00000244731	2
ENSG00000118965	12
ENSG00000129116	3
ENSG00000155256	2
ENSG00000136244	21
ENSG00000087088	5
ENSG00000165138	2
ENSG00000163050	5
ENSG00000119514	3
ENSG00000231925	2
ENSG00000145715	2
ENSG00000172269	5
ENSG00000288674	6
ENSG00000121931	4
ENSG00000172987	1
ENSG00000115155	4
ENSG00000056972	3
ENSG00000141506	2
ENSG00000023839	3
ENSG00000197859	2
ENSG00000140105	2
ENSG00000164619	2
ENSG00000147437	6
ENSG00000132170	9
ENSG00000100811	1
ENSG00000107554	3
ENSG00000188906	2
ENSG00000112116	3
ENSG00000120054	1
ENSG00000178802	5
ENSG00000156171	5
ENSG00000051523	4
ENSG00000080493	3
ENSG00000156006	1
ENSG00000107566	2
ENSG00000123453	2
ENSG00000100652	2
ENSG00000164692	22
ENSG00000198732	2
ENSG00000164904	4
ENSG00000167508	3
ENSG00000213341	4
ENSG00000144554	7
ENSG00000095485	2
ENSG00000109756	5
ENSG00000169604	4
ENSG00000174177	1
ENSG00000178741	4
ENSG00000183072	17
ENSG00000126524	3
ENSG00000175445	5
ENSG00000139304	8
ENSG00000148655	3
ENSG00000086300	4
ENSG00000066032	3
ENSG00000165899	4
ENSG00000114491	3
ENSG00000188994	3
ENSG00000171206	1
ENSG00000138175	9
ENSG00000120725	3
ENSG00000159753	2
ENSG00000131943	7
ENSG00000147416	4
ENSG00000089127	1
ENSG00000196584	12
ENSG00000061337	3
ENSG00000102879	2
ENSG00000236320	2
ENSG00000169692	4
ENSG00000140092	17
ENSG00000055332	3
ENSG00000136068	15
ENSG00000158864	4
ENSG00000146247	3
ENSG00000099822	1
ENSG00000128829	3
ENSG00000167513	3
ENSG00000198931	2
ENSG00000099821	4
ENSG00000132437	2
ENSG00000141012	7
ENSG00000117450	4
ENSG00000150433	3
ENSG00000164930	2
ENSG00000185811	5
ENSG00000167515	1
ENSG00000198286	6
ENSG00000187741	7
ENSG00000110693	1
ENSG00000130309	3
ENSG00000177119	2
ENSG00000091137	7
ENSG00000168778	6
ENSG00000091138	2
ENSG00000185920	10
ENSG00000136573	4
ENSG00000100503	2
ENSG00000171401	4
ENSG00000148120	2
ENSG00000171403	3
ENSG00000070614	4
ENSG00000186847	16
ENSG00000186832	6
ENSG00000064835	4
ENSG00000063169	4
ENSG00000205138	5
ENSG00000181392	4
ENSG00000047578	3
ENSG00000079459	1
ENSG00000127554	5
ENSG00000131143	4
ENSG00000164733	1
ENSG00000171595	3
ENSG00000064309	5
ENSG00000140968	4
ENSG00000165617	3
ENSG00000162426	3
ENSG00000100749	5
ENSG00000114988	7
ENSG00000204852	3
ENSG00000213658	2
ENSG00000158158	2
ENSG00000171302	6
ENSG00000066468	39
ENSG00000131183	9
ENSG00000103313	11
ENSG00000055208	3
ENSG00000185100	3
ENSG00000173894	6
ENSG00000077348	1
ENSG00000122566	5
ENSG00000077238	4
ENSG00000181192	4
ENSG00000048545	5
ENSG00000183258	3
ENSG00000103522	6
ENSG00000198851	2
ENSG00000105851	2
ENSG00000173406	3
ENSG00000106305	2
ENSG00000092529	6
ENSG00000135365	1
ENSG00000182578	3
ENSG00000115318	3
ENSG00000248099	2
ENSG00000001626	12
ENSG00000164741	2
ENSG00000136854	3
ENSG00000113721	22
ENSG00000205413	11
ENSG00000139531	5
ENSG00000177409	9
ENSG00000170381	3
ENSG00000100523	2
ENSG00000197728	2
ENSG00000137309	3
ENSG00000103266	5
ENSG00000138346	8
ENSG00000066230	2
ENSG00000010818	3
ENSG00000105755	2
ENSG00000122863	9
ENSG00000186417	2
ENSG00000125952	2
ENSG00000124614	2
ENSG00000158321	5
ENSG00000106991	3
ENSG00000133216	5
ENSG00000015479	2
ENSG00000138303	5
ENSG00000197616	12
ENSG00000143183	2
ENSG00000066933	3
ENSG00000106799	7
ENSG00000107859	7
ENSG00000188613	2
ENSG00000118162	2
ENSG00000168056	5
ENSG00000108474	7
ENSG00000165699	7
ENSG00000168040	2
ENSG00000204843	7
ENSG00000179168	2
ENSG00000146648	8
ENSG00000161594	2
ENSG00000183605	4
ENSG00000136928	5
ENSG00000123607	7
ENSG00000165672	4
ENSG00000128604	3
ENSG00000134160	5
ENSG00000139613	4
ENSG00000176165	3
ENSG00000178394	2
ENSG00000183638	11
ENSG00000140694	7
ENSG00000107201	5
ENSG00000204267	2
ENSG00000095139	1
ENSG00000204815	3
ENSG00000173786	2
ENSG00000092054	13
ENSG00000150995	11
ENSG00000149196	2
ENSG00000178445	3
ENSG00000139540	3
ENSG00000100478	2
ENSG00000198513	5
ENSG00000197943	7
ENSG00000065883	1
ENSG00000155754	2
ENSG00000166278	7
ENSG00000137497	6
ENSG00000188827	7
ENSG00000167749	3
ENSG00000142208	14
ENSG00000005483	1
ENSG00000168575	4
ENSG00000162687	3
ENSG00000143387	4
ENSG00000198718	3
ENSG00000152422	5
ENSG00000134538	2
ENSG00000119121	3
ENSG00000145494	4
ENSG00000121350	2
ENSG00000170836	6
ENSG00000108557	6
ENSG00000103005	4
ENSG00000139131	6
ENSG00000148408	2
ENSG00000102977	5
ENSG00000128422	5
ENSG00000185245	8
ENSG00000082175	1
ENSG00000167207	8
ENSG00000037474	4
ENSG00000174233	2
ENSG00000102893	2
ENSG00000126705	4
ENSG00000131389	1
ENSG00000185823	7
ENSG00000095574	2
ENSG00000186687	4
ENSG00000107796	8
ENSG00000130921	10
ENSG00000100726	4
ENSG00000169247	2
ENSG00000083067	4
ENSG00000107779	8
ENSG00000137745	6
ENSG00000128739	5
ENSG00000150990	8
ENSG00000177106	4
ENSG00000134183	5
ENSG00000021488	4
ENSG00000086288	3
ENSG00000171862	12
ENSG00000129071	3
ENSG00000064692	2
ENSG00000163914	16
ENSG00000103249	7
ENSG00000165733	2
ENSG00000134259	2
ENSG00000004399	2
ENSG00000165731	18
ENSG00000125730	11
ENSG00000182150	4
ENSG00000182923	2
ENSG00000110911	3
ENSG00000164818	3
ENSG00000151224	2
ENSG00000003393	6
ENSG00000188191	1
ENSG00000126267	4
ENSG00000188157	3
ENSG00000102575	3
ENSG00000151914	4
ENSG00000117601	3
ENSG00000130598	3
ENSG00000018510	6
ENSG00000169313	2
ENSG00000128573	2
ENSG00000135775	2
ENSG00000159251	11
ENSG00000142186	4
ENSG00000131495	4
ENSG00000145362	4
ENSG00000112855	6
ENSG00000154485	4
ENSG00000188690	4
ENSG00000225950	3
ENSG00000196329	1
ENSG00000140416	8
ENSG00000143801	6
ENSG00000112280	11
ENSG00000174990	2
ENSG00000136238	5
ENSG00000116014	8
ENSG00000165458	2
ENSG00000197561	6
ENSG00000198570	5
ENSG00000112053	2
ENSG00000009950	3
ENSG00000166546	3
ENSG00000118217	5
ENSG00000106460	2
ENSG00000163625	3
ENSG00000168269	7
ENSG00000187555	3
ENSG00000057468	5
ENSG00000043462	2
ENSG00000166147	22
ENSG00000125744	2
ENSG00000196367	5
ENSG00000170445	4
ENSG00000125741	9
ENSG00000112319	7
ENSG00000114861	4
ENSG00000060237	4
ENSG00000134376	16
ENSG00000197766	2
ENSG00000163017	4
ENSG00000117400	7
ENSG00000114956	10
ENSG00000105639	2
ENSG00000117399	2
ENSG00000066322	1
ENSG00000187605	1
ENSG00000108641	6
ENSG00000105641	3
ENSG00000134571	8
ENSG00000175110	7
ENSG00000184752	4
ENSG00000142405	4
ENSG00000103051	5
ENSG00000198380	6
ENSG00000116337	6
ENSG00000166685	5
ENSG00000113327	5
ENSG00000168280	3
ENSG00000137474	10
ENSG00000075415	6
ENSG00000103264	4
ENSG00000114686	4
ENSG00000066279	3
ENSG00000166949	4
ENSG00000168944	8
ENSG00000174437	5
ENSG00000168288	3
ENSG00000109572	2
ENSG00000183914	2
ENSG00000166947	2
ENSG00000082516	1
ENSG00000117020	4
ENSG00000008710	2
ENSG00000145864	2
ENSG00000169515	4
ENSG00000187678	7
ENSG00000163382	2
ENSG00000270647	1
ENSG00000131653	1
ENSG00000110218	2
ENSG00000065361	7
ENSG00000113555	2
ENSG00000173226	2
ENSG00000229833	4
ENSG00000003137	4
ENSG00000277258	1
ENSG00000076944	3
ENSG00000065534	5
ENSG00000119013	4
ENSG00000136463	4
ENSG00000171564	2
ENSG00000171560	4
ENSG00000171557	2
ENSG00000138036	5
ENSG00000124299	2
ENSG00000138075	3
ENSG00000068078	37
ENSG00000111276	5
ENSG00000143921	3
ENSG00000152822	6
ENSG00000151552	2
ENSG00000169855	2
ENSG00000122194	4
ENSG00000091127	1
ENSG00000105697	2
ENSG00000105695	3
ENSG00000173064	1
ENSG00000157764	30
ENSG00000110756	5
ENSG00000138095	5
ENSG00000156876	3
ENSG00000137992	2
ENSG00000172007	3
ENSG00000120251	2
ENSG00000137948	2
ENSG00000105372	2
ENSG00000170921	1
ENSG00000137707	2
ENSG00000152503	3
ENSG00000103326	2
ENSG00000108528	5
ENSG00000068654	3
ENSG00000196510	1
ENSG00000105409	13
ENSG00000108518	2
ENSG00000166086	2
ENSG00000108515	2
ENSG00000160050	2
ENSG00000105369	3
ENSG00000153574	3
ENSG00000154781	3
ENSG00000113407	3
ENSG00000105612	1
ENSG00000105392	17
ENSG00000122406	2
ENSG00000151498	2
ENSG00000174799	3
ENSG00000130226	5
ENSG00000115827	6
ENSG00000177030	5
ENSG00000129250	3
ENSG00000132517	2
ENSG00000135341	4
ENSG00000113851	4
ENSG00000117298	3
ENSG00000151503	3
ENSG00000105819	4
ENSG00000153113	3
ENSG00000127948	12
ENSG00000141519	3
ENSG00000152661	26
ENSG00000116783	3
ENSG00000141543	3
ENSG00000108691	2
ENSG00000124356	2
ENSG00000172893	6
ENSG00000152784	2
ENSG00000138675	1
ENSG00000130475	2
ENSG00000167085	3
ENSG00000048342	18
ENSG00000110074	4
ENSG00000141349	3
ENSG00000144741	4
ENSG00000139132	2
ENSG00000072062	3
ENSG00000115170	3
ENSG00000118520	2
ENSG00000128714	14
ENSG00000128710	2
ENSG00000144893	1
ENSG00000164134	3
ENSG00000187049	9
ENSG00000121101	2
ENSG00000128040	2
ENSG00000108255	3
ENSG00000181555	2
ENSG00000198336	2
ENSG00000144218	2
ENSG00000112282	4
ENSG00000113013	6
ENSG00000131127	3
ENSG00000259207	4
ENSG00000105613	1
ENSG00000127824	2
ENSG00000168477	5
ENSG00000152700	2
ENSG00000135924	2
ENSG00000105483	3
ENSG00000186442	3
ENSG00000111846	3
ENSG00000170477	4
ENSG00000143368	4
ENSG00000168137	2
ENSG00000159692	4
ENSG00000111057	4
ENSG00000113621	3
ENSG00000138669	5
ENSG00000115850	2
ENSG00000169047	3
ENSG00000145888	3
ENSG00000133812	2
ENSG00000164175	3
ENSG00000138696	10
ENSG00000169031	8
ENSG00000124721	2
ENSG00000168955	3
ENSG00000074317	4
ENSG00000069431	10
ENSG00000160695	4
ENSG00000178691	1
ENSG00000116984	5
ENSG00000105953	5
ENSG00000113083	2
ENSG00000197894	4
ENSG00000223953	5
ENSG00000235718	6
ENSG00000122970	5
ENSG00000161202	4
ENSG00000105486	2
ENSG00000196187	2
ENSG00000080603	3
ENSG00000196616	1
ENSG00000070019	4
ENSG00000161203	3
ENSG00000084463	1
ENSG00000248144	3
ENSG00000110092	6
ENSG00000140939	2
ENSG00000185345	7
ENSG00000111341	3
ENSG00000103544	3
ENSG00000139053	5
ENSG00000181163	6
ENSG00000164182	4
ENSG00000135931	3
ENSG00000256269	6
ENSG00000164187	1
ENSG00000122971	2
ENSG00000040531	8
ENSG00000115138	6
ENSG00000197417	2
ENSG00000152620	3
ENSG00000081052	5
ENSG00000059377	2
ENSG00000167548	3
ENSG00000160877	2
ENSG00000157954	1
ENSG00000179295	19
ENSG00000197548	2
ENSG00000156738	5
ENSG00000187010	1
ENSG00000125084	3
ENSG00000169252	3
ENSG00000163359	8
ENSG00000065000	5
ENSG00000173588	2
ENSG00000140718	2
ENSG00000149483	5
ENSG00000175084	10
ENSG00000104856	2
ENSG00000186153	9
ENSG00000136531	7
ENSG00000156140	5
ENSG00000069329	2
ENSG00000108433	2
ENSG00000091651	3
ENSG00000138081	4
ENSG00000198860	3
ENSG00000096433	4
ENSG00000077092	4
ENSG00000137288	4
ENSG00000161904	5
ENSG00000174173	4
ENSG00000166123	3
ENSG00000164266	8
ENSG00000133657	1
ENSG00000155816	4
ENSG00000172071	4
ENSG00000180875	3
ENSG00000058404	3
ENSG00000108384	7
ENSG00000183763	3
ENSG00000143382	6
ENSG00000088926	2
ENSG00000188452	6
ENSG00000262179	1
ENSG00000099381	3
ENSG00000105221	6
ENSG00000162992	7
ENSG00000144591	2
ENSG00000106331	7
ENSG00000082074	2
ENSG00000109536	4
ENSG00000088038	1
ENSG00000106348	11
ENSG00000157593	2
ENSG00000164172	5
ENSG00000124608	6
ENSG00000266173	2
ENSG00000131435	3
ENSG00000197208	4
ENSG00000072682	3
ENSG00000091010	4
ENSG00000105993	3
ENSG00000036828	13
ENSG00000121552	2
ENSG00000007372	38
ENSG00000244617	4
ENSG00000108588	1
ENSG00000125571	3
ENSG00000156475	3
ENSG00000168264	5
ENSG00000130816	7
ENSG00000172548	4
ENSG00000187391	3
ENSG00000108604	3
ENSG00000249961	2
ENSG00000164442	6
ENSG00000060762	4
ENSG00000115718	4
ENSG00000273611	3
ENSG00000178222	2
ENSG00000163820	3
ENSG00000072163	4
ENSG00000066923	5
ENSG00000130158	3
ENSG00000277161	4
ENSG00000163631	2
ENSG00000123473	3
ENSG00000049618	4
ENSG00000116127	2
ENSG00000118503	3
ENSG00000020129	1
ENSG00000030066	3
ENSG00000007312	3
ENSG00000068024	5
ENSG00000157423	3
ENSG00000109101	3
ENSG00000109458	4
ENSG00000186603	4
ENSG00000105568	3
ENSG00000141499	4
ENSG00000162430	3
ENSG00000106012	3
ENSG00000087266	6
ENSG00000070814	4
ENSG00000135679	1
ENSG00000164587	5
ENSG00000163531	2
ENSG00000173757	7
ENSG00000137462	2
ENSG00000149428	1
ENSG00000079215	3
ENSG00000134313	4
ENSG00000184144	5
ENSG00000109163	3
ENSG00000196557	2
ENSG00000137513	8
ENSG00000085978	3
ENSG00000143632	10
ENSG00000011426	2
ENSG00000005381	6
ENSG00000197603	8
ENSG00000106258	2
ENSG00000072803	1
ENSG00000130561	11
ENSG00000108375	4
ENSG00000092929	3
ENSG00000118600	3
ENSG00000125347	4
ENSG00000254647	9
ENSG00000182899	2
ENSG00000174842	2
ENSG00000180176	3
ENSG00000178971	5
ENSG00000170624	8
ENSG00000105357	7
ENSG00000034971	3
ENSG00000170615	4
ENSG00000105664	8
ENSG00000204928	4
ENSG00000183091	5
ENSG00000091592	7
ENSG00000115275	2
ENSG00000186510	3
ENSG00000162438	4
ENSG00000071564	6
ENSG00000167286	2
ENSG00000160654	2
ENSG00000116030	3
ENSG00000213281	35
ENSG00000009335	1
ENSG00000204217	2
ENSG00000163554	5
ENSG00000152939	4
ENSG00000162129	7
ENSG00000225190	6
ENSG00000130402	4
ENSG00000105976	9
ENSG00000135407	3
ENSG00000197822	1
ENSG00000174697	4
ENSG00000143363	2
ENSG00000183691	15
ENSG00000091483	8
ENSG00000197785	3
ENSG00000055118	6
ENSG00000186468	1
ENSG00000014216	3
ENSG00000133392	6
ENSG00000083093	13
ENSG00000245848	6
ENSG00000087258	5
ENSG00000132612	1
ENSG00000122512	6
ENSG00000137731	3
ENSG00000086232	1
ENSG00000104812	2
ENSG00000113163	3
ENSG00000163702	3
ENSG00000110324	4
ENSG00000130529	5
ENSG00000166311	10
ENSG00000221838	2
ENSG00000143815	9
ENSG00000179532	2
ENSG00000173402	7
ENSG00000039139	3
ENSG00000163933	3
ENSG00000163932	4
ENSG00000049167	7
ENSG00000182450	1
ENSG00000064933	4
ENSG00000106617	10
ENSG00000164326	3
ENSG00000144659	2
ENSG00000168329	5
ENSG00000131018	8
ENSG00000133835	9
ENSG00000213892	8
ENSG00000142798	9
ENSG00000110400	4
ENSG00000103197	7
ENSG00000151702	2
ENSG00000163913	7
ENSG00000162552	5
ENSG00000105223	3
ENSG00000128591	9
ENSG00000154153	4
ENSG00000138018	2
ENSG00000204983	4
ENSG00000166349	9
ENSG00000175097	7
ENSG00000065057	3
ENSG00000162039	2
ENSG00000181830	4
ENSG00000267673	5
ENSG00000213523	3
ENSG00000089280	5
ENSG00000167468	3
ENSG00000139180	4
ENSG00000173599	2
ENSG00000171303	2
ENSG00000111262	2
ENSG00000177990	2
ENSG00000182606	3
ENSG00000137700	6
ENSG00000196935	3
ENSG00000242419	1
ENSG00000179915	6
ENSG00000096696	18
ENSG00000116748	2
ENSG00000124615	5
ENSG00000167634	4
ENSG00000111732	3
ENSG00000173039	1
ENSG00000089818	4
ENSG00000095970	3
ENSG00000157103	4
ENSG00000116863	2
ENSG00000186439	5
ENSG00000171812	6
ENSG00000163527	2
ENSG00000110717	4
ENSG00000010704	16
ENSG00000152642	3
ENSG00000104835	6
ENSG00000162337	25
ENSG00000198001	2
ENSG00000131844	2
ENSG00000163608	3
ENSG00000078401	2
ENSG00000115355	2
ENSG00000151577	4
ENSG00000170442	2
ENSG00000020922	2
ENSG00000205426	2
ENSG00000170893	2
ENSG00000170523	5
ENSG00000185507	2
ENSG00000135443	3
ENSG00000170454	1
ENSG00000185479	3
ENSG00000170465	3
ENSG00000036257	4
ENSG00000205420	3
ENSG00000137760	4
ENSG00000168028	3
ENSG00000186081	17
ENSG00000177868	2
ENSG00000120370	6
ENSG00000139648	2
ENSG00000170484	7
ENSG00000076928	2
ENSG00000004487	2
ENSG00000110719	4
ENSG00000105204	4
ENSG00000162706	2
ENSG00000072274	2
ENSG00000155974	5
ENSG00000149177	2
ENSG00000071539	6
ENSG00000181027	16
ENSG00000186487	3
ENSG00000149781	6
ENSG00000042753	4
ENSG00000110921	16
ENSG00000168827	4
ENSG00000164405	4
ENSG00000072756	5
ENSG00000167323	6
ENSG00000007933	2
ENSG00000132563	2
ENSG00000115904	10
ENSG00000105479	3
ENSG00000284862	3
ENSG00000110651	5
ENSG00000170581	3
ENSG00000073578	10
ENSG00000205981	2
ENSG00000114416	4
ENSG00000067182	4
ENSG00000142303	4
ENSG00000163492	3
ENSG00000181786	2
ENSG00000104783	2
ENSG00000145734	4
ENSG00000158163	2
ENSG00000134574	3
ENSG00000119772	10
ENSG00000160688	2
ENSG00000131504	7
ENSG00000115648	4
ENSG00000167625	1
ENSG00000217128	2
ENSG00000134575	2
ENSG00000084693	6
ENSG00000182533	13
ENSG00000110395	7
ENSG00000077097	1
ENSG00000132915	6
ENSG00000155850	16
ENSG00000197375	2
ENSG00000182326	5
ENSG00000164404	3
ENSG00000138074	2
ENSG00000110066	3
ENSG00000123364	3
ENSG00000276045	4
ENSG00000174527	1
ENSG00000131779	5
ENSG00000121851	1
ENSG00000120729	3
ENSG00000084774	4
ENSG00000168509	2
ENSG00000006283	6
ENSG00000130299	4
ENSG00000115204	6
ENSG00000078246	1
ENSG00000130300	2
ENSG00000163818	2
ENSG00000185483	4
ENSG00000152266	3
ENSG00000169432	8
ENSG00000058262	2
ENSG00000286219	8
ENSG00000155755	5
ENSG00000133884	4
ENSG00000113719	2
ENSG00000153015	4
ENSG00000076248	3
ENSG00000132155	14
ENSG00000169554	5
ENSG00000105146	2
ENSG00000154134	2
ENSG00000173175	4
ENSG00000177084	6
ENSG00000012061	5
ENSG00000164347	4
ENSG00000108561	4
ENSG00000154133	3
ENSG00000079805	7
ENSG00000060642	4
ENSG00000165478	6
ENSG00000179270	6
ENSG00000131910	3
ENSG00000182568	2
ENSG00000108559	4
ENSG00000163848	1
ENSG00000141378	1
ENSG00000167941	4
ENSG00000158615	1
ENSG00000113966	16
ENSG00000072571	3
ENSG00000158055	3
ENSG00000126749	2
ENSG00000135845	4
ENSG00000127616	8
ENSG00000132842	6
ENSG00000157388	4
ENSG00000170004	1
ENSG00000198691	21
ENSG00000198625	4
ENSG00000127838	2
ENSG00000158428	2
ENSG00000143811	2
ENSG00000115459	8
ENSG00000113600	2
ENSG00000131187	6
ENSG00000087470	9
ENSG00000174231	6
ENSG00000111537	7
ENSG00000134516	2
ENSG00000141837	12
ENSG00000181523	5
ENSG00000095015	6
ENSG00000143374	4
ENSG00000186104	5
ENSG00000168878	3
ENSG00000196876	9
ENSG00000134250	11
ENSG00000114054	2
ENSG00000177427	1
ENSG00000085063	3
ENSG00000196218	10
ENSG00000113263	2
ENSG00000130164	2
ENSG00000167244	17
ENSG00000277399	5
ENSG00000175206	5
ENSG00000170498	3
ENSG00000104833	4
ENSG00000105607	3
ENSG00000196189	11
ENSG00000131368	1
ENSG00000134532	1
ENSG00000115486	4
ENSG00000175707	3
ENSG00000105048	2
ENSG00000122482	3
ENSG00000129991	12
ENSG00000017427	3
ENSG00000167646	3
ENSG00000110723	2
ENSG00000027847	5
ENSG00000175325	4
ENSG00000067715	3
ENSG00000175309	1
ENSG00000176915	3
ENSG00000118046	12
ENSG00000006042	3
ENSG00000154124	4
ENSG00000145912	8
ENSG00000135077	5
ENSG00000134333	2
ENSG00000186868	16
ENSG00000185499	2
ENSG00000168026	2
ENSG00000145675	13
ENSG00000139323	5
ENSG00000130595	3
ENSG00000070961	3
ENSG00000117305	2
ENSG00000179163	4
ENSG00000196743	3
ENSG00000018236	2
ENSG00000198218	4
ENSG00000186335	4
ENSG00000066422	4
ENSG00000181722	2
ENSG00000128655	2
ENSG00000233276	3
ENSG00000120094	3
ENSG00000013573	2
ENSG00000116039	2
ENSG00000088053	2
ENSG00000105722	5
ENSG00000177565	9
ENSG00000214941	5
ENSG00000124370	2
ENSG00000110436	6
ENSG00000011295	4
ENSG00000186010	7
ENSG00000136699	2
ENSG00000135406	2
ENSG00000110514	3
ENSG00000162882	3
ENSG00000108312	2
ENSG00000160551	1
ENSG00000284762	5
ENSG00000161533	6
ENSG00000113231	5
ENSG00000184908	6
ENSG00000117013	4
ENSG00000109062	4
ENSG00000081277	3
ENSG00000133710	7
ENSG00000177728	1
ENSG00000135424	3
ENSG00000184584	5
ENSG00000188338	3
ENSG00000118260	2
ENSG00000265241	5
ENSG00000164291	3
ENSG00000183715	3
ENSG00000152578	2
ENSG00000134352	10
ENSG00000197780	4
ENSG00000113492	1
ENSG00000135517	3
ENSG00000197170	2
ENSG00000136628	2
ENSG00000168724	6
ENSG00000175213	11
ENSG00000180210	4
ENSG00000157087	8
ENSG00000145725	4
ENSG00000067704	7
ENSG00000087111	2
ENSG00000064012	12
ENSG00000134569	8
ENSG00000247626	9
ENSG00000185008	2
ENSG00000118873	13
ENSG00000069011	6
ENSG00000003400	8
ENSG00000141551	2
ENSG00000073921	6
ENSG00000121966	3
ENSG00000074266	1
ENSG00000174804	5
ENSG00000070808	7
ENSG00000152556	3
ENSG00000173821	3
ENSG00000127603	3
ENSG00000055163	3
ENSG00000115392	7
ENSG00000113262	5
ENSG00000005102	2
ENSG00000087116	3
ENSG00000135100	17
ENSG00000149506	2
ENSG00000163599	10
ENSG00000173715	4
ENSG00000115317	2
ENSG00000151067	11
ENSG00000073969	3
ENSG00000170264	6
ENSG00000114279	4
ENSG00000171634	2
ENSG00000133703	47
ENSG00000108379	3
ENSG00000136689	8
ENSG00000085999	5
ENSG00000144354	2
ENSG00000136695	6
ENSG00000149823	3
ENSG00000108813	3
ENSG00000152952	4
ENSG00000118058	2
ENSG00000085998	18
ENSG00000068796	3
ENSG00000169750	2
ENSG00000169738	2
ENSG00000117479	3
ENSG00000198734	6
ENSG00000114573	9
ENSG00000115267	11
ENSG00000180871	1
ENSG00000198677	4
ENSG00000186642	1
ENSG00000167580	2
ENSG00000128683	3
ENSG00000161798	3
ENSG00000161800	2
ENSG00000127125	3
ENSG00000091106	7
ENSG00000175745	4
ENSG00000173801	7
ENSG00000196277	2
ENSG00000242110	6
ENSG00000141756	6
ENSG00000144647	8
ENSG00000153201	4
ENSG00000066117	4
ENSG00000167588	3
ENSG00000178449	4
ENSG00000174358	2
ENSG00000141527	5
ENSG00000164362	28
ENSG00000115866	2
ENSG00000108733	10
ENSG00000159374	2
ENSG00000168646	3
ENSG00000013297	2
ENSG00000013293	6
ENSG00000154240	2
ENSG00000138379	2
ENSG00000198130	2
ENSG00000172062	8
ENSG00000122966	3
ENSG00000139718	1
ENSG00000133048	2
ENSG00000134812	4
ENSG00000158104	4
ENSG00000149534	4
ENSG00000167995	20
ENSG00000158023	2
ENSG00000163939	2
ENSG00000167996	2
ENSG00000132470	4
ENSG00000125630	4
ENSG00000114026	2
ENSG00000033030	3
ENSG00000169607	3
ENSG00000137691	3
ENSG00000145016	2
ENSG00000137693	2
ENSG00000111275	3
ENSG00000115919	5
ENSG00000089022	1
ENSG00000196712	26
ENSG00000189079	3
ENSG00000137674	3
ENSG00000111012	5
ENSG00000078070	2
ENSG00000178927	4
ENSG00000149292	3
ENSG00000116001	5
ENSG00000005884	2
ENSG00000144711	1
ENSG00000115525	2
ENSG00000184047	4
ENSG00000167723	6
ENSG00000174748	2
ENSG00000133895	5
ENSG00000163491	3
ENSG00000113575	2
ENSG00000127463	2
ENSG00000139567	3
ENSG00000163378	3
ENSG00000057294	3
ENSG00000174775	24
ENSG00000111249	3
ENSG00000162367	3
ENSG00000037280	4
ENSG00000141376	1
ENSG00000116406	2
ENSG00000163380	3
ENSG00000138375	4
ENSG00000111245	5
ENSG00000066336	3
ENSG00000273079	7
ENSG00000185261	3
ENSG00000180398	2
ENSG00000121068	1
ENSG00000121075	5
ENSG00000133704	1
ENSG00000030582	7
ENSG00000143933	4
ENSG00000170266	23
ENSG00000280987	2
ENSG00000180340	2
ENSG00000119888	6
ENSG00000121940	6
ENSG00000170275	3
ENSG00000150768	5
ENSG00000038382	8
ENSG00000053918	18
ENSG00000173898	5
ENSG00000150753	3
ENSG00000135899	5
ENSG00000149311	8
ENSG00000167985	6
ENSG00000204370	16
ENSG00000139318	7
ENSG00000115415	5
ENSG00000118094	2
ENSG00000110367	1
ENSG00000139719	5
ENSG00000184937	33
ENSG00000187736	2
ENSG00000167552	3
ENSG00000179348	16
ENSG00000171444	2
ENSG00000153922	2
ENSG00000072310	4
ENSG00000068724	2
ENSG00000115085	4
ENSG00000143153	2
ENSG00000115935	2
ENSG00000284922	4
ENSG00000153936	1
ENSG00000145012	6
ENSG00000171953	4
ENSG00000113140	3
ENSG00000177000	9
ENSG00000187098	11
ENSG00000132740	4
ENSG00000039537	2
ENSG00000112936	2
ENSG00000068885	5
ENSG00000138829	10
ENSG00000137710	4
ENSG00000155511	7
ENSG00000072694	2
ENSG00000197601	6
ENSG00000159450	2
ENSG00000213593	2
ENSG00000172936	5
ENSG00000145868	2
ENSG00000169764	3
ENSG00000080709	3
ENSG00000006071	15
ENSG00000108439	4
ENSG00000068615	4
ENSG00000162928	10
ENSG00000047457	7
ENSG00000162924	2
ENSG00000081189	3
ENSG00000031698	2
ENSG00000108510	3
ENSG00000119203	1
ENSG00000187775	2
ENSG00000146021	2
ENSG00000151694	6
ENSG00000145495	5
ENSG00000108946	10
ENSG00000004455	2
ENSG00000135900	4
ENSG00000157131	2
ENSG00000173372	2
ENSG00000220205	2
ENSG00000117335	4
ENSG00000116044	1
ENSG00000213316	2
ENSG00000116785	5
ENSG00000117594	4
ENSG00000115758	3
ENSG00000169814	4
ENSG00000161011	12
ENSG00000117595	6
ENSG00000134684	3
ENSG00000021852	2
ENSG00000091536	4
ENSG00000132716	2
ENSG00000162735	5
ENSG00000049860	6
ENSG00000151779	6
ENSG00000183873	22
ENSG00000177302	6
ENSG00000122218	2
ENSG00000120733	1
ENSG00000163362	3
ENSG00000119042	5
ENSG00000076242	13
ENSG00000153234	3
ENSG00000133706	3
ENSG00000160808	3
ENSG00000129221	11
ENSG00000170876	11
ENSG00000134086	9
ENSG00000010256	2
ENSG00000091622	5
ENSG00000164078	3
ENSG00000198920	12
ENSG00000237693	3
ENSG00000141485	4
ENSG00000163513	11
ENSG00000086570	3
ENSG00000043514	4
ENSG00000012048	13
ENSG00000113643	2
ENSG00000168389	3
ENSG00000145623	3
ENSG00000007168	3
ENSG00000168036	22
ENSG00000171298	4
ENSG00000179148	6
ENSG00000116584	2
ENSG00000141367	3
ENSG00000080819	8
ENSG00000134323	2
ENSG00000205571	8
ENSG00000004838	3
ENSG00000188738	2
ENSG00000114388	2
ENSG00000162738	2
ENSG00000213639	5
ENSG00000162733	4
ENSG00000113448	4
ENSG00000141510	39
ENSG00000196660	3
ENSG00000162676	5
ENSG00000007402	1
ENSG00000183733	3
ENSG00000203667	4
ENSG00000116031	1
ENSG00000120708	21
ENSG00000114738	5
ENSG00000136634	4
ENSG00000000971	14
ENSG00000073111	4
ENSG00000115902	2
ENSG00000132535	3
ENSG00000054523	5
ENSG00000134982	13
ENSG00000171793	2
ENSG00000135744	5
ENSG00000168610	7
ENSG00000021826	2
ENSG00000164509	3
ENSG00000116586	3
ENSG00000182866	2
ENSG00000112984	3
ENSG00000153827	3
ENSG00000134242	10
ENSG00000130508	4
ENSG00000162594	3
ENSG00000143669	7
ENSG00000184292	3
ENSG00000162601	4
ENSG00000116670	7
ENSG00000117394	15
ENSG00000116701	4
ENSG00000088035	2
ENSG00000136717	3
ENSG00000081237	2
ENSG00000163161	9
ENSG00000125459	5
ENSG00000143575	5
ENSG00000173409	3
ENSG00000116729	1
ENSG00000160716	2
ENSG00000143603	1
ENSG00000203782	3
ENSG00000176022	11
ENSG00000182389	2
ENSG00000117360	6
ENSG00000153253	5
ENSG00000128656	4
ENSG00000107404	8
ENSG00000115419	6
ENSG00000186501	1
ENSG00000125618	2
ENSG00000144191	5
ENSG00000183513	6
ENSG00000136631	3
ENSG00000160712	3
ENSG00000118004	2
ENSG00000117054	2
ENSG00000138030	2
ENSG00000179456	3
ENSG00000168958	5
ENSG00000171608	8
ENSG00000117560	6
ENSG00000132326	2
ENSG00000049246	2
ENSG00000049249	2
ENSG00000116288	2
ENSG00000143226	4
ENSG00000162434	1
ENSG00000142867	12
ENSG00000135636	9
ENSG00000077152	7
ENSG00000244414	5
ENSG00000203747	2
ENSG00000163545	2
ENSG00000162736	3
ENSG00000176887	4
ENSG00000196352	2
ENSG00000117322	10
ENSG00000076003	4
ENSG00000143469	2
ENSG00000092847	1
ENSG00000143761	3
ENSG00000185630	1
ENSG00000178568	2
ENSG00000142748	2
ENSG00000188257	2
ENSG00000138083	6
ENSG00000186827	2
ENSG00000162599	2
ENSG00000198821	2
ENSG00000009724	2
ENSG00000116218	4
ENSG00000157851	3
ENSG00000084674	4
ENSG00000168658	2
ENSG00000153208	6
ENSG00000120942	3
ENSG00000143373	2
ENSG00000115159	3
ENSG00000143393	4
ENSG00000143390	2
ENSG00000233608	12
ENSG00000143416	1
ENSG00000116062	8
ENSG00000159377	4
ENSG00000143970	1
ENSG00000118231	3
ENSG00000163254	3
ENSG00000117682	7
ENSG00000120948	3
ENSG00000023228	4
ENSG00000162614	6
ENSG00000115306	1
ENSG00000116096	3
ENSG00000143614	5
ENSG00000171385	6
ENSG00000143473	4
ENSG00000078369	9
ENSG00000168542	5
ENSG00000204262	3
ENSG00000188886	2
ENSG00000198758	2
ENSG00000084090	5
ENSG00000135956	2
ENSG00000144028	6
ENSG00000183853	3
ENSG00000121152	3
ENSG00000142599	2
ENSG00000143622	6
ENSG00000095002	10
ENSG00000115839	10
ENSG00000153187	3
ENSG00000065526	1
ENSG00000198369	6
ENSG00000157933	5
ENSG00000144285	11
ENSG00000162923	2
ENSG00000143858	6
ENSG00000138061	10
ENSG00000117139	4
ENSG00000077522	6
ENSG00000121454	4
ENSG00000155657	21
ENSG00000143549	5
ENSG00000070831	4
ENSG00000130294	9
ENSG00000060718	23
ENSG00000115221	3
ENSG00000115339	4
ENSG00000159023	2
ENSG00000091409	2
ENSG00000116254	1
ENSG00000277893	5
ENSG00000021574	2
ENSG00000144406	3
ENSG00000117724	4
ENSG00000151665	1
ENSG00000180902	3
ENSG00000198400	2
ENSG00000187017	5
ENSG00000198216	3
ENSG00000156150	3
ENSG00000142875	1
ENSG00000143442	5
ENSG00000171735	3
ENSG00000162399	3
ENSG00000205090	3
ENSG00000011021	1
ENSG00000169218	5
ENSG00000183317	4
ENSG00000196449	2
ENSG00000187147	2
ENSG00000116171	3
ENSG00000120333	4
ENSG00000163431	3
ENSG00000143756	3
ENSG00000143753	2
ENSG00000143147	2
ENSG00000065135	1
ENSG00000119535	6
ENSG00000142615	4
ENSG00000152904	1
ENSG00000162885	3
ENSG00000085491	4
ENSG00000122223	4
ENSG00000211452	2
ENSG00000162512	3
ENSG00000134644	3
ENSG00000078900	3
ENSG00000158014	1
ENSG00000135870	3
ENSG00000160710	6
ENSG00000009709	3
ENSG00000134262	2
ENSG00000134371	15
ENSG00000143839	5
ENSG00000117713	4
ENSG00000081248	6
ENSG00000160789	40
ENSG00000132781	5
ENSG00000169174	2
ENSG00000143337	3
ENSG00000116745	17
ENSG00000116147	1
ENSG00000198626	5
ENSG00000143252	12
ENSG00000198793	5
ENSG00000163344	3
ENSG00000066056	3
ENSG00000163374	2
ENSG00000121481	1
ENSG00000133065	2
ENSG00000133059	6
ENSG00000117118	20
ENSG00000118194	11
ENSG00000116133	4
ENSG00000177807	10
ENSG00000143315	3
ENSG00000018625	9
ENSG00000143318	3
ENSG00000173218	2
ENSG00000118729	5
ENSG00000177551	3
ENSG00000162711	18
ENSG00000172339	5
ENSG00000155380	9
ENSG00000198799	1
ENSG00000143631	2
ENSG00000143520	2
